Date,Actual,Forecasted
2015-01-05 00:00:00,519.4600219726562,498.0643123247445
2015-01-06 00:00:00,506.6400146484375,500.09142161931914
2015-01-07 00:00:00,505.1499938964844,502.3218672302392
2015-01-08 00:00:00,506.9100036621094,504.254722742737
2015-01-09 00:00:00,500.7200012207031,506.0561632879567
2015-01-12 00:00:00,497.05999755859375,510.85291624548205
2015-01-13 00:00:00,501.79998779296875,513.2557306358091
2015-01-14 00:00:00,505.92999267578125,515.7894268209543
2015-01-15 00:00:00,504.010009765625,517.9311219708516
2015-01-16 00:00:00,510.4599914550781,519.8445319491923
2015-01-20 00:00:00,509.94000244140625,526.4988041523728
2015-01-21 00:00:00,520.3900146484375,528.6709645514871
2015-01-22 00:00:00,537.2999877929688,530.3525654159571
2015-01-23 00:00:00,541.9500122070312,531.7205843028321
2015-01-26 00:00:00,536.719970703125,534.2152922476948
2015-01-27 00:00:00,521.1900024414062,535.6069199046995
2015-01-28 00:00:00,512.4299926757812,537.0216829863521
2015-01-29 00:00:00,513.22998046875,537.9369298118633
2015-01-30 00:00:00,537.5499877929688,538.5486278517286
2015-02-02 00:00:00,532.2000122070312,538.9842061820767
2015-02-03 00:00:00,533.2999877929688,539.8098010012709
2015-02-04 00:00:00,526.0999755859375,540.7307845257991
2015-02-05 00:00:00,529.8300170898438,541.2277625410807
2015-02-06 00:00:00,533.8800048828125,541.5031491686505
2015-02-09 00:00:00,529.280029296875,541.4351019626391
2015-02-10 00:00:00,540.1599731445312,542.2579372668716
2015-02-11 00:00:00,538.0,543.2479758713494
2015-02-12 00:00:00,546.010009765625,543.8749195219837
2015-02-13 00:00:00,551.1599731445312,544.3318066514581
2015-02-17 00:00:00,545.010009765625,546.0924746448378
2015-02-18 00:00:00,542.6500244140625,547.3443380746188
2015-02-19 00:00:00,546.4500122070312,548.206069308947
2015-02-20 00:00:00,541.7999877929688,548.8594170717644
2015-02-23 00:00:00,535.0,549.7799182222969
2015-02-24 00:00:00,538.6500244140625,550.8295973669252
2015-02-25 00:00:00,547.3300170898438,551.959952751685
2015-02-26 00:00:00,559.2899780273438,552.6163397674346
2015-02-27 00:00:00,562.6300048828125,552.9820645551081
2015-03-02 00:00:00,575.02001953125,552.5828129652803
2015-03-03 00:00:00,578.7899780273438,553.0674821405734
2015-03-04 00:00:00,578.3300170898438,553.5826589105013
2015-03-05 00:00:00,581.4299926757812,553.5837779296083
2015-03-06 00:00:00,572.9000244140625,553.2685340330121
2015-03-09 00:00:00,574.0999755859375,550.8194364374384
2015-03-10 00:00:00,559.8499755859375,550.6636121599604
2015-03-11 00:00:00,555.6900024414062,550.5823831280279
2015-03-12 00:00:00,561.1699829101562,550.0474650695161
2015-03-13 00:00:00,553.0,549.2683194666998
2015-03-16 00:00:00,561.6400146484375,545.9585649300936
2015-03-17 00:00:00,557.6099853515625,545.7064599873536
2015-03-18 00:00:00,566.1599731445312,545.6333989500902
2015-03-19 00:00:00,563.6699829101562,545.217414876187
2015-03-20 00:00:00,564.9500122070312,544.0389389374675
2015-03-23 00:00:00,565.3699951171875,540.1531094433348
2015-03-24 00:00:00,577.5399780273438,539.8830565323386
2015-03-25 00:00:00,567.0,539.8676881136353
2015-03-26 00:00:00,563.6400146484375,539.5805852694008
2015-03-27 00:00:00,557.5499877929688,539.2154081098574
2015-03-30 00:00:00,561.1400146484375,537.9786360827618
2015-03-31 00:00:00,554.7000122070312,538.6164661380228
2015-04-01 00:00:00,549.489990234375,539.5053672535321
2015-04-02 00:00:00,541.3099975585938,540.107795665422
2015-04-06 00:00:00,543.9500122070312,541.6919381728592
2015-04-07 00:00:00,544.8599853515625,542.9957786059905
2015-04-08 00:00:00,548.8400268554688,544.4851458974316
2015-04-09 00:00:00,548.02001953125,545.6121362113487
2015-04-10 00:00:00,548.5399780273438,546.5550451703677
2015-04-13 00:00:00,548.6400146484375,548.4797245185473
2015-04-14 00:00:00,539.780029296875,549.9080891710067
2015-04-15 00:00:00,541.0399780273438,551.4428326115612
2015-04-16 00:00:00,543.52001953125,552.5312248347695
2015-04-17 00:00:00,532.739990234375,553.3570472153742
2015-04-20 00:00:00,544.530029296875,554.5077150968904
2015-04-21 00:00:00,542.9199829101562,555.567264203181
2015-04-22 00:00:00,549.1799926757812,556.6838358555544
2015-04-23 00:00:00,557.4600219726562,557.3062189141524
2015-04-24 00:00:00,573.6599731445312,557.6276978270065
2015-04-27 00:00:00,566.1199951171875,557.1164862040073
2015-04-28 00:00:00,564.3699951171875,557.6033955138257
2015-04-29 00:00:00,561.3900146484375,558.1477584113985
2015-04-30 00:00:00,548.77001953125,558.2045463893652
2015-05-01 00:00:00,551.1599731445312,557.9757449898169
2015-05-04 00:00:00,552.8400268554688,555.980230745988
2015-05-05 00:00:00,543.0399780273438,556.0471981600876
2015-05-06 00:00:00,535.0800170898438,556.2179737580423
2015-05-07 00:00:00,542.0399780273438,555.9544873627204
2015-05-08 00:00:00,548.9500122070312,555.4627833114265
2015-05-11 00:00:00,545.780029296875,553.0533732985937
2015-05-12 00:00:00,538.72998046875,553.1069122402946
2015-05-13 00:00:00,539.489990234375,553.3283558098242
2015-05-14 00:00:00,549.2000122070312,553.1813001165779
2015-05-15 00:00:00,546.489990234375,552.8682869144578
2015-05-18 00:00:00,546.6699829101562,551.3242967103544
2015-05-19 00:00:00,549.280029296875,551.7533627523167
2015-05-20 00:00:00,552.510009765625,552.3837761395358
2015-05-21 00:00:00,556.8099975585938,552.6714766531225
2015-05-22 00:00:00,554.52001953125,552.808714051619
2015-05-26 00:00:00,547.1900024414062,553.438820771757
2015-05-27 00:00:00,554.25,554.4404611504946
2015-05-28 00:00:00,554.1799926757812,555.050139377749
2015-05-29 00:00:00,545.3200073242188,555.4503636338657
2015-06-01 00:00:00,549.2100219726562,555.5929727291123
2015-06-02 00:00:00,553.9500122070312,556.3838238594032
2015-06-03 00:00:00,555.2899780273438,558.169392146885
2015-06-04 00:00:00,551.6900024414062,559.4713978638588
2015-06-05 00:00:00,549.530029296875,560.4726935994859
2015-06-08 00:00:00,543.47998046875,561.9032926345195
2015-06-09 00:00:00,542.1599731445312,562.9870129075986
2015-06-10 00:00:00,552.5999755859375,564.0916020432448
2015-06-11 00:00:00,550.0399780273438,564.6619491205644
2015-06-12 00:00:00,547.469970703125,564.8991216706975
2015-06-15 00:00:00,543.0,564.0237615437228
2015-06-16 00:00:00,544.8699951171875,564.4004114282179
2015-06-17 00:00:00,546.5999755859375,564.8569733342309
2015-06-18 00:00:00,556.1799926757812,564.8560700230448
2015-06-19 00:00:00,557.52001953125,564.6172095108034
2015-06-22 00:00:00,559.6799926757812,563.0368699857022
2015-06-23 00:00:00,563.3900146484375,563.4565747563626
2015-06-24 00:00:00,558.5700073242188,564.109193316201
2015-06-25 00:00:00,557.9500122070312,564.4622211543972
2015-06-26 00:00:00,553.0599975585938,564.7354459942884
2015-06-29 00:00:00,541.25,565.5973033479202
2015-06-30 00:00:00,540.0399780273438,567.1104230945334
2015-07-01 00:00:00,543.2999877929688,568.9774247295065
2015-07-02 00:00:00,547.3400268554688,570.6449588807204
2015-07-06 00:00:00,545.6199951171875,577.6378579267574
2015-07-07 00:00:00,550.030029296875,580.6764667149982
2015-07-08 00:00:00,541.7000122070312,584.0462328353681
2015-07-09 00:00:00,544.6500244140625,587.1541507500448
2015-07-10 00:00:00,556.1099853515625,590.180689551792
2015-07-13 00:00:00,571.72998046875,598.8474644836637
2015-07-14 00:00:00,584.1799926757812,602.7335669085184
2015-07-15 00:00:00,583.9600219726562,606.7808944271713
2015-07-16 00:00:00,601.780029296875,610.3607897186785
2015-07-17 00:00:00,699.6199951171875,613.651376643883
2015-07-20 00:00:00,692.8400268554688,621.8382026008063
2015-07-21 00:00:00,695.3499755859375,625.1953169295595
2015-07-22 00:00:00,695.0999755859375,628.5300291197454
2015-07-23 00:00:00,674.72998046875,631.2062125423262
2015-07-24 00:00:00,654.77001953125,633.4285849059174
2015-07-27 00:00:00,658.27001953125,637.6707770144692
2015-07-28 00:00:00,659.6599731445312,639.5860901379407
2015-07-29 00:00:00,661.4299926757812,641.4502296036839
2015-07-30 00:00:00,664.5599975585938,642.6431827604806
2015-07-31 00:00:00,657.5,643.4043959074734
2015-08-03 00:00:00,664.719970703125,643.6711461414938
2015-08-04 00:00:00,661.280029296875,644.4838467068159
2015-08-05 00:00:00,673.2899780273438,645.3796128544775
2015-08-06 00:00:00,670.1500244140625,645.7470873970095
2015-08-07 00:00:00,664.3900146484375,645.8366267688715
2015-08-10 00:00:00,663.1400146484375,645.0393981172086
2015-08-11 00:00:00,690.2999877929688,645.8055529528561
2015-08-12 00:00:00,691.469970703125,646.7935719139796
2015-08-13 00:00:00,686.510009765625,647.3778539028764
2015-08-14 00:00:00,689.3699951171875,647.577900530952
2015-08-17 00:00:00,694.1099853515625,647.583940185032
2015-08-18 00:00:00,688.72998046875,648.7142112340629
2015-08-19 00:00:00,694.0399780273438,650.0805966744425
2015-08-20 00:00:00,679.47998046875,651.0345933094744
2015-08-21 00:00:00,644.030029296875,651.7934035832445
2015-08-24 00:00:00,618.1099853515625,653.1549994362149
2015-08-25 00:00:00,612.469970703125,654.5985883950161
2015-08-26 00:00:00,659.739990234375,656.1918830098666
2015-08-27 00:00:00,667.9600219726562,657.2750945388103
2015-08-28 00:00:00,659.6900024414062,658.0651136886723
2015-08-31 00:00:00,647.8200073242188,658.957664324237
2015-09-01 00:00:00,629.5599975585938,660.0898382447845
2015-09-02 00:00:00,644.9099731445312,661.3064327831271
2015-09-03 00:00:00,637.0499877929688,661.9550374762802
2015-09-04 00:00:00,628.9600219726562,662.2687878342477
2015-09-08 00:00:00,643.8800048828125,662.2916303246838
2015-09-09 00:00:00,643.4099731445312,663.0622119317604
2015-09-10 00:00:00,651.0800170898438,663.3112351505553
2015-09-11 00:00:00,655.2999877929688,663.2847539770128
2015-09-14 00:00:00,652.469970703125,662.0832116287069
2015-09-15 00:00:00,665.0700073242188,662.7125229569265
2015-09-16 00:00:00,665.52001953125,663.5492300371194
2015-09-17 00:00:00,671.6699829101562,663.9512564689988
2015-09-18 00:00:00,660.9199829101562,664.1616767608491
2015-09-21 00:00:00,666.97998046875,664.1140666397803
2015-09-22 00:00:00,653.2000122070312,665.2528485223688
2015-09-23 00:00:00,653.2899780273438,666.6457636596632
2015-09-24 00:00:00,654.9099731445312,667.6370257619809
2015-09-25 00:00:00,640.1500244140625,668.4591084944369
2015-09-28 00:00:00,624.25,670.272165319839
2015-09-29 00:00:00,622.6099853515625,672.0197166612544
2015-09-30 00:00:00,638.3699951171875,674.0005013300686
2015-10-01 00:00:00,642.0,675.5448515268439
2015-10-02 00:00:00,656.989990234375,676.8819179655997
2015-10-05 00:00:00,671.6799926757812,679.9837886752221
2015-10-06 00:00:00,671.6400146484375,682.0934496582494
2015-10-07 00:00:00,670.0,684.4013732172218
2015-10-08 00:00:00,667.0,686.2309389762975
2015-10-09 00:00:00,671.239990234375,687.8189390018557
2015-10-12 00:00:00,676.4299926757812,691.527154092268
2015-10-13 00:00:00,683.1699829101562,693.8337416296208
2015-10-14 00:00:00,680.4099731445312,696.3407882929188
2015-10-15 00:00:00,693.02001953125,698.3653374228775
2015-10-16 00:00:00,695.3200073242188,700.1528787664239
2015-10-19 00:00:00,699.9500122070312,704.5259278315455
2015-10-20 00:00:00,680.0,707.1081632291914
2015-10-21 00:00:00,671.7999877929688,709.9117553950159
2015-10-22 00:00:00,681.1400146484375,712.2381953981547
2015-10-23 00:00:00,719.3300170898438,714.3339299495115
2015-10-26 00:00:00,731.1199951171875,719.6249390139616
2015-10-27 00:00:00,732.8200073242188,721.0656269859546
2015-10-28 00:00:00,736.9199829101562,722.7035790168815
2015-10-29 00:00:00,744.8499755859375,723.820486062716
2015-10-30 00:00:00,737.3900146484375,724.6618654793541
2015-11-02 00:00:00,747.739990234375,725.8766092300276
2015-11-03 00:00:00,748.8200073242188,727.307166497315
2015-11-04 00:00:00,755.3099975585938,728.8790599911899
2015-11-05 00:00:00,760.6699829101562,729.867067579905
2015-11-06 00:00:00,761.5999755859375,730.5198465229597
2015-11-09 00:00:00,754.77001953125,730.848811801639
2015-11-10 00:00:00,758.260009765625,731.9063755076342
2015-11-11 00:00:00,765.25,733.0754666764627
2015-11-12 00:00:00,756.530029296875,733.635915139979
2015-11-13 00:00:00,740.0700073242188,733.848360460813
2015-11-16 00:00:00,750.4199829101562,732.8896422343647
2015-11-17 00:00:00,745.97998046875,733.5675974540202
2015-11-18 00:00:00,760.010009765625,734.3954800487282
2015-11-19 00:00:00,759.9400024414062,734.6599286511215
2015-11-20 00:00:00,777.0,734.6291610428619
2015-11-23 00:00:00,776.7000122070312,733.301675326782
2015-11-24 00:00:00,769.6300048828125,733.9828149209781
2015-11-25 00:00:00,769.260009765625,734.8745662238586
2015-11-27 00:00:00,771.969970703125,735.3990398579346
2015-11-30 00:00:00,762.8499755859375,734.8053614352274
2015-12-01 00:00:00,783.7899780273438,735.7756139796195
2015-12-02 00:00:00,777.8499755859375,736.9608068470138
2015-12-03 00:00:00,768.2000122070312,737.6298303613129
2015-12-04 00:00:00,779.2100219726562,738.0344593788473
2015-12-07 00:00:00,772.989990234375,738.0159529211793
2015-12-08 00:00:00,775.1400146484375,739.0836867785582
2015-12-09 00:00:00,762.5499877929688,740.3078051996213
2015-12-10 00:00:00,760.0399780273438,740.9504679421142
2015-12-11 00:00:00,750.4199829101562,741.2633737057209
2015-12-14 00:00:00,762.5399780273438,740.6015753523203
2015-12-15 00:00:00,760.0900268554688,741.3554509478441
2015-12-16 00:00:00,776.5900268554688,742.2277256361562
2015-12-17 00:00:00,769.8300170898438,742.4896055268605
2015-12-18 00:00:00,756.8499755859375,742.4062933389623
2015-12-21 00:00:00,760.7999877929688,740.6034327453249
2015-12-22 00:00:00,767.1300048828125,741.0398167217571
2015-12-23 00:00:00,768.510009765625,741.6478307147308
2015-12-24 00:00:00,765.8400268554688,741.7117320171546
2015-12-28 00:00:00,782.239990234375,739.8870927871588
2015-12-29 00:00:00,793.9600219726562,740.5793227198251
2015-12-30 00:00:00,790.2999877929688,741.5432601905386
2015-12-31 00:00:00,778.010009765625,742.0603181179431
2016-01-04 00:00:00,759.4400024414062,742.8574233639135
2016-01-05 00:00:00,761.530029296875,744.3535149357408
2016-01-06 00:00:00,759.3300170898438,746.1517656282873
2016-01-07 00:00:00,741.0,747.5112944077615
2016-01-08 00:00:00,730.9099731445312,748.6839476906835
2016-01-11 00:00:00,733.0700073242188,752.2709622859047
2016-01-12 00:00:00,745.3400268554688,754.6861287529158
2016-01-13 00:00:00,719.5700073242188,757.3111871727147
2016-01-14 00:00:00,731.3900146484375,759.3794316560263
2016-01-15 00:00:00,710.489990234375,761.1331205417597
2016-01-19 00:00:00,719.0800170898438,766.8789856642287
2016-01-20 00:00:00,718.5599975585938,769.0944797500299
2016-01-21 00:00:00,726.6699829101562,770.6053772646037
2016-01-22 00:00:00,745.4600219726562,771.6676140365358
2016-01-25 00:00:00,733.6199951171875,772.5338140535466
2016-01-26 00:00:00,733.7899780273438,773.624290386842
2016-01-27 00:00:00,717.5800170898438,774.7362250918437
2016-01-28 00:00:00,748.2999877929688,775.1128726750242
2016-01-29 00:00:00,761.3499755859375,775.0357107397056
2016-02-01 00:00:00,770.77001953125,772.6777301030121
2016-02-02 00:00:00,780.9099731445312,772.8237465541002
2016-02-03 00:00:00,749.3800048828125,773.0811655617098
2016-02-04 00:00:00,730.030029296875,772.7079556026564
2016-02-05 00:00:00,703.760009765625,771.9959573003848
2016-02-08 00:00:00,704.1599731445312,768.4747996976115
2016-02-09 00:00:00,701.02001953125,768.470988040416
2016-02-10 00:00:00,706.8499755859375,768.6908164755249
2016-02-11 00:00:00,706.3599853515625,768.3873125300764
2016-02-12 00:00:00,706.8900146484375,767.8386743045304
2016-02-16 00:00:00,717.6400146484375,765.5762890372216
2016-02-17 00:00:00,731.969970703125,766.1701618361479
2016-02-18 00:00:00,717.510009765625,766.2303510744485
2016-02-19 00:00:00,722.1099853515625,766.0151716544711
2016-02-22 00:00:00,729.0499877929688,764.0373474277591
2016-02-23 00:00:00,717.2899780273438,764.4511716431173
2016-02-24 00:00:00,720.9000244140625,764.9946812015042
2016-02-25 00:00:00,729.1199951171875,764.8987018718146
2016-02-26 00:00:00,724.8599853515625,764.4176113239868
2016-02-29 00:00:00,717.219970703125,760.9965513492147
2016-03-01 00:00:00,742.1699829101562,760.7272418571862
2016-03-02 00:00:00,739.47998046875,760.5028405933662
2016-03-03 00:00:00,731.5900268554688,759.572399996415
2016-03-04 00:00:00,730.219970703125,758.2057903125325
2016-03-07 00:00:00,712.7999877929688,752.008796228326
2016-03-08 00:00:00,713.530029296875,750.821581195977
2016-03-09 00:00:00,725.4099731445312,749.7178532113213
2016-03-10 00:00:00,732.1699829101562,747.9765518523802
2016-03-11 00:00:00,744.8699951171875,745.8828437601472
2016-03-14 00:00:00,750.239990234375,738.1578250896945
2016-03-15 00:00:00,750.5700073242188,736.6905501903881
2016-03-16 00:00:00,757.3599853515625,735.4412456235056
2016-03-17 00:00:00,758.47998046875,733.7074610570127
2016-03-18 00:00:00,755.4099731445312,731.7710009377852
2016-03-21 00:00:00,762.1599731445312,725.3802340934056
2016-03-22 00:00:00,760.0499877929688,724.5980222915593
2016-03-23 00:00:00,757.5599975585938,724.1466687391866
2016-03-24 00:00:00,754.8400268554688,723.3396673666596
2016-03-28 00:00:00,753.280029296875,719.4894415850113
2016-03-29 00:00:00,765.8900146484375,719.9260660537634
2016-03-30 00:00:00,768.3400268554688,720.7064599507845
2016-03-31 00:00:00,762.9000244140625,721.1147744480899
2016-04-01 00:00:00,769.6699829101562,721.395961198101
2016-04-04 00:00:00,765.1199951171875,721.7950070859415
2016-04-05 00:00:00,758.5700073242188,723.2187103294948
2016-04-06 00:00:00,768.0700073242188,724.9080323378837
2016-04-07 00:00:00,760.1199951171875,726.1339846267907
2016-04-08 00:00:00,759.469970703125,727.1344933225836
2016-04-11 00:00:00,757.5399780273438,729.0498203915026
2016-04-12 00:00:00,764.3200073242188,730.7707867133089
2016-04-13 00:00:00,771.9099731445312,732.6495762465214
2016-04-14 00:00:00,775.3900146484375,733.9507914617562
2016-04-15 00:00:00,780.0,734.9175927284587
2016-04-18 00:00:00,787.6799926757812,736.1286287845857
2016-04-19 00:00:00,776.25,737.4485890081835
2016-04-20 00:00:00,774.9199829101562,738.8507019507718
2016-04-21 00:00:00,780.0,739.6017031281978
2016-04-22 00:00:00,737.77001953125,739.9565151419512
2016-04-25 00:00:00,742.2100219726562,739.0648038136951
2016-04-26 00:00:00,725.3699951171875,739.6344132757206
2016-04-27 00:00:00,721.4600219726562,740.2747199158207
2016-04-28 00:00:00,705.0599975585938,740.2612982169317
2016-04-29 00:00:00,707.8800048828125,739.8606872462242
2016-05-02 00:00:00,714.4099731445312,736.8597732112391
2016-05-03 00:00:00,708.4400024414062,736.8047856202763
2016-05-04 00:00:00,711.3699951171875,736.8729688693312
2016-05-05 00:00:00,714.7100219726562,736.3508578885918
2016-05-06 00:00:00,725.1799926757812,735.5112169156466
2016-05-09 00:00:00,729.1300048828125,731.6640451858094
2016-05-10 00:00:00,739.3800048828125,731.4853321588803
2016-05-11 00:00:00,730.5499877929688,731.5142929293919
2016-05-12 00:00:00,728.0700073242188,731.0428433837519
2016-05-13 00:00:00,724.8300170898438,730.3404238524643
2016-05-16 00:00:00,730.2999877929688,727.3828927930261
2016-05-17 00:00:00,720.1900024414062,727.6316032678568
2016-05-18 00:00:00,721.780029296875,728.1435735918676
2016-05-19 00:00:00,715.3099975585938,728.2041695450633
2016-05-20 00:00:00,721.7100219726562,728.0698446946749
2016-05-23 00:00:00,717.25,726.9006285647691
2016-05-24 00:00:00,733.030029296875,727.7266714866419
2016-05-25 00:00:00,738.0999755859375,728.7847301642356
2016-05-26 00:00:00,736.9299926757812,729.3450760726234
2016-05-27 00:00:00,747.5999755859375,729.6496891170287
2016-05-31 00:00:00,748.8499755859375,730.2081264246328
2016-06-01 00:00:00,748.4600219726562,731.2325612753342
2016-06-02 00:00:00,744.27001953125,731.6392933550003
2016-06-03 00:00:00,735.8599853515625,731.6687762603302
2016-06-06 00:00:00,730.0599975585938,729.7898612885913
2016-06-07 00:00:00,731.0900268554688,730.6866303712997
2016-06-08 00:00:00,742.9299926757812,731.6124727250638
2016-06-09 00:00:00,742.52001953125,731.8437258963695
2016-06-10 00:00:00,733.1900024414062,731.6379123415699
2016-06-13 00:00:00,731.8800048828125,728.8958622167066
2016-06-14 00:00:00,733.25,728.8082214663559
2016-06-15 00:00:00,732.1900024414062,728.797406439725
2016-06-16 00:00:00,724.25,728.1669836597431
2016-06-17 00:00:00,704.25,727.1983251300654
2016-06-20 00:00:00,706.1300048828125,722.9766647886203
2016-06-21 00:00:00,708.8800048828125,722.7132518578425
2016-06-22 00:00:00,710.469970703125,722.710784456493
2016-06-23 00:00:00,714.8699951171875,722.2880329435491
2016-06-24 00:00:00,685.2000122070312,721.729306230476
2016-06-27 00:00:00,681.1400146484375,719.9356659957739
2016-06-28 00:00:00,691.260009765625,720.8524305482781
2016-06-29 00:00:00,695.1900024414062,722.2003688938786
2016-06-30 00:00:00,703.530029296875,723.2816600288708
2016-07-01 00:00:00,710.25,724.3581336931286
2016-07-05 00:00:00,704.8900146484375,730.8296581578627
2016-07-06 00:00:00,708.969970703125,734.0927573778183
2016-07-07 00:00:00,707.260009765625,737.0488107854052
2016-07-08 00:00:00,717.780029296875,739.9301924322137
2016-07-11 00:00:00,727.2000122070312,748.2629534231902
2016-07-12 00:00:00,732.510009765625,752.3632706226103
2016-07-13 00:00:00,729.47998046875,756.7037257701485
2016-07-14 00:00:00,735.7999877929688,760.5008317410732
2016-07-15 00:00:00,735.6300048828125,763.9772230214863
2016-07-18 00:00:00,753.2000122070312,772.5328545703163
2016-07-19 00:00:00,753.4099731445312,776.228510374931
2016-07-20 00:00:00,757.0800170898438,779.9198795732611
2016-07-21 00:00:00,754.4099731445312,782.8127693129654
2016-07-22 00:00:00,759.280029296875,785.1564432949177
2016-07-25 00:00:00,757.52001953125,789.207494068557
2016-07-26 00:00:00,757.6500244140625,791.1661492538533
2016-07-27 00:00:00,761.969970703125,793.0450465395327
2016-07-28 00:00:00,765.8400268554688,794.0727281010838
2016-07-29 00:00:00,791.3400268554688,794.5414402429775
2016-08-01 00:00:00,800.9400024414062,793.2730250935587
2016-08-02 00:00:00,800.1199951171875,793.6724615380389
2016-08-03 00:00:00,798.9199829101562,794.136121075331
2016-08-04 00:00:00,797.25,793.9120807962803
2016-08-05 00:00:00,806.9299926757812,793.310410241066
2016-08-08 00:00:00,805.22998046875,790.0070551059989
2016-08-09 00:00:00,807.47998046875,790.1161775054657
2016-08-10 00:00:00,808.489990234375,790.4741128224565
2016-08-11 00:00:00,808.2000122070312,790.3206025572146
2016-08-12 00:00:00,807.0499877929688,789.9486396095804
2016-08-15 00:00:00,805.9600219726562,788.0835149788626
2016-08-16 00:00:00,801.1900024414062,788.8407793281284
2016-08-17 00:00:00,805.4199829101562,789.8931142146291
2016-08-18 00:00:00,802.75,789.8938023525207
2016-08-19 00:00:00,799.6500244140625,789.6726147990685
2016-08-22 00:00:00,796.9500122070312,788.0175618407511
2016-08-23 00:00:00,796.5900268554688,788.7013414385747
2016-08-24 00:00:00,793.5999755859375,789.5837194831412
2016-08-25 00:00:00,791.2999877929688,789.870314170154
2016-08-26 00:00:00,793.219970703125,789.8223862206966
2016-08-29 00:00:00,795.8200073242188,787.999290367262
2016-08-30 00:00:00,791.9199829101562,788.4111393077574
2016-08-31 00:00:00,789.8499755859375,788.9272583054709
2016-09-01 00:00:00,791.4000244140625,788.7664709775648
2016-09-02 00:00:00,796.8699951171875,788.2052095373294
2016-09-06 00:00:00,808.02001953125,784.4269624371005
2016-09-07 00:00:00,807.989990234375,784.357473831434
2016-09-08 00:00:00,802.8400268554688,783.653571802459
2016-09-09 00:00:00,788.47998046875,782.606692472692
2016-09-12 00:00:00,798.8200073242188,778.0403042555869
2016-09-13 00:00:00,788.719970703125,777.6943119235449
2016-09-14 00:00:00,790.4600219726562,777.5733807898496
2016-09-15 00:00:00,801.22998046875,776.9266389340056
2016-09-16 00:00:00,797.969970703125,776.0421501712154
2016-09-19 00:00:00,795.3900146484375,772.5417605760325
2016-09-20 00:00:00,799.780029296875,772.7066394694763
2016-09-21 00:00:00,805.030029296875,773.1615677244107
2016-09-22 00:00:00,815.9500122070312,773.1481377649646
2016-09-23 00:00:00,814.9600219726562,772.9394512370719
2016-09-26 00:00:00,802.6500244140625,771.585678342303
2016-09-27 00:00:00,810.72998046875,772.4627508885313
2016-09-28 00:00:00,810.0599975585938,773.6123629095191
2016-09-29 00:00:00,802.6400146484375,774.2662820103008
2016-09-30 00:00:00,804.0599975585938,774.6890451461744
2016-10-03 00:00:00,800.3800048828125,774.9578345690095
2016-10-04 00:00:00,802.7899780273438,776.2832845140906
2016-10-05 00:00:00,801.22998046875,777.8346532251841
2016-10-06 00:00:00,803.0800170898438,778.841801813039
2016-10-07 00:00:00,800.7100219726562,779.5740054731684
2016-10-10 00:00:00,814.1699829101562,780.563216522957
2016-10-11 00:00:00,809.5700073242188,782.0926403437433
2016-10-12 00:00:00,811.77001953125,783.8393198152999
2016-10-13 00:00:00,804.0800170898438,785.0339837378923
2016-10-14 00:00:00,804.5999755859375,785.9540868990174
2016-10-17 00:00:00,806.8400268554688,787.5620517733178
2016-10-18 00:00:00,821.489990234375,789.3416011566156
2016-10-19 00:00:00,826.8400268554688,791.3599079561286
2016-10-20 00:00:00,821.6300048828125,792.8395549940933
2016-10-21 00:00:00,824.0599975585938,794.0580791641397
2016-10-24 00:00:00,835.739990234375,796.6021793552849
2016-10-25 00:00:00,828.5499877929688,798.7061719588511
2016-10-26 00:00:00,822.0999755859375,801.0395844573915
2016-10-27 00:00:00,817.3499755859375,802.807440912644
2016-10-28 00:00:00,819.5599975585938,804.2821651224244
2016-10-31 00:00:00,809.9000244140625,804.5828365969979
2016-11-01 00:00:00,805.47998046875,805.8429156853679
2016-11-02 00:00:00,788.4199829101562,807.2698318402219
2016-11-03 00:00:00,782.1900024414062,808.0597160269434
2016-11-04 00:00:00,781.0999755859375,808.4873840519194
2016-11-07 00:00:00,802.030029296875,808.0080232590553
2016-11-08 00:00:00,811.97998046875,808.9034810788755
2016-11-09 00:00:00,805.5900268554688,809.9217901212481
2016-11-10 00:00:00,780.2899780273438,810.2652601510964
2016-11-11 00:00:00,771.75,810.2201992945379
2016-11-14 00:00:00,753.219970703125,808.2808856318894
2016-11-15 00:00:00,775.1599731445312,808.7149230237407
2016-11-16 00:00:00,779.97998046875,809.3016493574997
2016-11-17 00:00:00,786.1599731445312,809.2543037431598
2016-11-18 00:00:00,775.969970703125,808.8686251649293
2016-11-21 00:00:00,784.7999877929688,806.277835906475
2016-11-22 00:00:00,785.0,806.6274742261888
2016-11-23 00:00:00,779.0,807.1986595176328
2016-11-25 00:00:00,780.22998046875,806.9367513018748
2016-11-28 00:00:00,785.7899780273438,805.0125466174617
2016-11-29 00:00:00,789.4400024414062,805.6554310076884
2016-11-30 00:00:00,775.8800048828125,806.5385568091721
2016-12-01 00:00:00,764.3300170898438,806.8638775536876
2016-12-02 00:00:00,764.4600219726562,806.9093101440654
2016-12-05 00:00:00,778.219970703125,805.7698729801984
2016-12-06 00:00:00,776.1799926757812,806.5884855205929
2016-12-07 00:00:00,791.469970703125,807.5900332120885
2016-12-08 00:00:00,795.1699829101562,807.9691725650838
2016-12-09 00:00:00,809.4500122070312,807.9999915924601
2016-12-12 00:00:00,807.9000244140625,806.4015851100937
2016-12-13 00:00:00,815.3400268554688,806.9402910204814
2016-12-14 00:00:00,817.8900146484375,807.6081885150544
2016-12-15 00:00:00,815.6500244140625,807.6095914800935
2016-12-16 00:00:00,809.8400268554688,807.2306629229297
2016-12-19 00:00:00,812.5,804.3509089320129
2016-12-20 00:00:00,815.2000122070312,804.4908710637405
2016-12-21 00:00:00,812.2000122070312,804.7995355183727
2016-12-22 00:00:00,809.6799926757812,804.4987758881232
2016-12-23 00:00:00,807.7999877929688,803.8878626526836
2016-12-27 00:00:00,809.9299926757812,801.1255122906981
2016-12-28 00:00:00,804.5700073242188,801.6831642183616
2016-12-29 00:00:00,802.8800048828125,801.7420510900919
2016-12-30 00:00:00,792.4500122070312,801.5971435486335
2017-01-03 00:00:00,808.010009765625,801.5956205833995
2017-01-04 00:00:00,807.77001953125,803.0078164421627
2017-01-05 00:00:00,813.02001953125,803.9551273619156
2017-01-06 00:00:00,825.2100219726562,804.7129331542363
2017-01-09 00:00:00,827.1799926757812,806.2154755962638
2017-01-10 00:00:00,826.010009765625,808.0651686296488
2017-01-11 00:00:00,829.8599853515625,810.1622596499577
2017-01-12 00:00:00,829.530029296875,811.688137378762
2017-01-13 00:00:00,830.9400024414062,814.5332454657329
2017-01-17 00:00:00,827.4600219726562,824.8902536759956
2017-01-18 00:00:00,829.02001953125,828.3953273717401
2017-01-19 00:00:00,824.3699951171875,831.1687593542313
2017-01-20 00:00:00,828.1699829101562,833.4806068960527
2017-01-23 00:00:00,844.4299926757812,837.9908723128344
2017-01-24 00:00:00,849.530029296875,840.3771503197947
2017-01-25 00:00:00,858.4500122070312,842.7880901168645
2017-01-26 00:00:00,856.97998046875,844.3952233489902
2017-01-27 00:00:00,845.030029296875,845.4982680631607
2017-01-30 00:00:00,823.8300170898438,846.3817671459508
2017-01-31 00:00:00,820.1900024414062,847.653494889983
2017-02-01 00:00:00,815.239990234375,849.0248026340771
2017-02-02 00:00:00,818.260009765625,849.679351581108
2017-02-03 00:00:00,820.1300048828125,849.935705943228
2017-02-06 00:00:00,821.6199951171875,849.0265308472074
2017-02-07 00:00:00,829.22998046875,849.9719153678914
2017-02-08 00:00:00,829.8800048828125,851.1494246804863
2017-02-09 00:00:00,830.0599975585938,851.7351152428431
2017-02-10 00:00:00,834.8499755859375,852.0394026212919
2017-02-13 00:00:00,838.9600219726562,851.8397971154864
2017-02-14 00:00:00,840.030029296875,853.159167863427
2017-02-15 00:00:00,837.3200073242188,854.7465521340674
2017-02-16 00:00:00,842.1699829101562,855.7535280072079
2017-02-17 00:00:00,846.5499877929688,856.4700419912033
2017-02-21 00:00:00,849.27001953125,858.7580530272031
2017-02-22 00:00:00,851.3599853515625,860.4390695804902
2017-02-23 00:00:00,851.0,861.4259764870839
2017-02-24 00:00:00,847.8099975585938,862.0019126049368
2017-02-27 00:00:00,849.6699829101562,861.6046194606455
2017-02-28 00:00:00,844.9299926757812,862.4847232528133
2017-03-01 00:00:00,856.75,863.4254115843128
2017-03-02 00:00:00,849.8499755859375,863.5693046980455
2017-03-03 00:00:00,849.0800170898438,863.2162562147209
2017-03-06 00:00:00,847.27001953125,859.7077391592636
2017-03-07 00:00:00,851.1500244140625,859.5088441279373
2017-03-08 00:00:00,853.6400146484375,859.3847171353096
2017-03-09 00:00:00,857.8400268554688,858.5048927078552
2017-03-10 00:00:00,861.4099731445312,857.1914839696823
2017-03-13 00:00:00,864.5800170898438,851.3884551341573
2017-03-14 00:00:00,865.9099731445312,850.6611152481211
2017-03-15 00:00:00,868.3900146484375,850.1521610800228
2017-03-16 00:00:00,870.0,849.0500384935282
2017-03-17 00:00:00,872.3699951171875,847.680502906444
2017-03-20 00:00:00,867.9099731445312,842.7163945680852
2017-03-21 00:00:00,850.1400146484375,842.5767208943956
2017-03-22 00:00:00,849.7999877929688,842.8037080462698
2017-03-23 00:00:00,839.6500244140625,842.582469852683
2017-03-24 00:00:00,835.1400146484375,842.2222186402847
2017-03-27 00:00:00,838.510009765625,840.8894546436802
2017-03-28 00:00:00,840.6300048828125,842.0996356804599
2017-03-29 00:00:00,849.8699951171875,844.2743515634548
2017-03-30 00:00:00,849.47998046875,846.0271325192829
2017-03-31 00:00:00,847.7999877929688,847.6467589384014
2017-04-03 00:00:00,856.75,852.1005695017606
2017-04-04 00:00:00,852.5700073242188,855.1568699261213
2017-04-05 00:00:00,848.9099731445312,858.5580474087964
2017-04-06 00:00:00,845.0999755859375,861.441969245345
2017-04-07 00:00:00,842.0999755859375,864.0893958857891
2017-04-10 00:00:00,841.7000122070312,870.9196528630719
2017-04-11 00:00:00,839.8800048828125,874.5499388375719
2017-04-12 00:00:00,841.4600219726562,878.4020882881455
2017-04-13 00:00:00,840.1799926757812,881.592901324137
2017-04-17 00:00:00,855.1300048828125,890.964981367152
2017-04-18 00:00:00,853.989990234375,894.2997211625128
2017-04-19 00:00:00,856.510009765625,897.754770971502
2017-04-20 00:00:00,860.0800170898438,900.4360376880198
2017-04-21 00:00:00,858.9500122070312,902.6477712519599
2017-04-24 00:00:00,878.9299926757812,906.9325070688159
2017-04-25 00:00:00,888.8400268554688,909.4297951850584
2017-04-26 00:00:00,889.1400146484375,912.0164527423465
2017-04-27 00:00:00,891.4400024414062,913.7966646906693
2017-04-28 00:00:00,924.52001953125,915.0933160024641
2017-05-01 00:00:00,932.8200073242188,916.6869345975749
2017-05-02 00:00:00,937.0900268554688,918.3655676062856
2017-05-03 00:00:00,948.4500122070312,920.184589621769
2017-05-04 00:00:00,954.719970703125,921.2509918001969
2017-05-05 00:00:00,950.280029296875,921.9015202149823
2017-05-08 00:00:00,958.6900024414062,922.0570528188042
2017-05-09 00:00:00,956.7100219726562,923.4570000783181
2017-05-10 00:00:00,954.8400268554688,925.1023875508025
2017-05-11 00:00:00,955.8900146484375,926.09833694979
2017-05-12 00:00:00,955.1400146484375,926.7846464024328
2017-05-15 00:00:00,959.219970703125,927.6709039322617
2017-05-16 00:00:00,964.6099853515625,929.5189609701073
2017-05-17 00:00:00,942.1699829101562,931.7012786340501
2017-05-18 00:00:00,950.5,933.3066446797051
2017-05-19 00:00:00,954.6500244140625,934.6646954273741
2017-05-22 00:00:00,964.0700073242188,937.7972517706606
2017-05-23 00:00:00,970.5499877929688,940.4376208258876
2017-05-24 00:00:00,977.6099853515625,943.4017449854589
2017-05-25 00:00:00,991.8599853515625,945.7480937822861
2017-05-26 00:00:00,993.27001953125,947.7905269204709
2017-05-30 00:00:00,996.1699829101562,955.4099568987098
2017-05-31 00:00:00,987.0900268554688,958.5568643376009
2017-06-01 00:00:00,988.2899780273438,960.9299349183779
2017-06-02 00:00:00,996.1199951171875,962.8398445848818
2017-06-05 00:00:00,1003.8800048828125,966.1312692363741
2017-06-06 00:00:00,996.6799926757812,968.3356835488091
2017-06-07 00:00:00,1001.5,970.5934028142681
2017-06-08 00:00:00,1004.280029296875,971.9385025486131
2017-06-09 00:00:00,970.1199951171875,972.704989661191
2017-06-12 00:00:00,961.8099975585938,965.9601368484603
2017-06-13 00:00:00,970.5,964.776057561774
2017-06-14 00:00:00,967.9299926757812,963.6670595174558
2017-06-15 00:00:00,960.1799926757812,961.7079278701526
2017-06-16 00:00:00,958.6199951171875,959.2682364314035
2017-06-19 00:00:00,975.219970703125,949.9866236822986
2017-06-20 00:00:00,968.989990234375,948.311768795052
2017-06-21 00:00:00,978.5900268554688,946.9324197960586
2017-06-22 00:00:00,976.6199951171875,944.9563716275231
2017-06-23 00:00:00,986.0900268554688,942.7591004131878
2017-06-26 00:00:00,972.0900268554688,935.7873282951432
2017-06-27 00:00:00,948.0900268554688,935.3682665923407
2017-06-28 00:00:00,961.010009765625,935.480019711509
2017-06-29 00:00:00,937.8200073242188,935.2238407651562
2017-06-30 00:00:00,929.6799926757812,934.9465473037388
2017-07-03 00:00:00,919.4600219726562,934.6304815034272
2017-07-05 00:00:00,932.260009765625,939.1699860260507
2017-07-06 00:00:00,927.6900024414062,941.3532912612068
2017-07-07 00:00:00,940.8099975585938,943.4702168108868
2017-07-10 00:00:00,951.0,949.6583902633886
2017-07-11 00:00:00,953.530029296875,953.4906637605286
2017-07-12 00:00:00,967.6599731445312,957.6737819112851
2017-07-13 00:00:00,968.8499755859375,961.2179166257292
2017-07-14 00:00:00,976.9099731445312,964.4072213374915
2017-07-17 00:00:00,975.9600219726562,971.9102905874146
2017-07-18 00:00:00,986.9500122070312,975.5620901827173
2017-07-19 00:00:00,992.77001953125,979.2436973603495
2017-07-20 00:00:00,992.1900024414062,981.9529772130738
2017-07-21 00:00:00,993.8400268554688,983.9983998968528
2017-07-24 00:00:00,998.3099975585938,986.4888877120751
2017-07-25 00:00:00,969.030029296875,988.0831967278293
2017-07-26 00:00:00,965.3099975585938,989.5658515943746
2017-07-27 00:00:00,952.510009765625,989.967932593631
2017-07-28 00:00:00,958.3300170898438,989.6494455491737
2017-07-31 00:00:00,945.5,985.1769799083216
2017-08-01 00:00:00,946.5599975585938,984.6312549638782
2017-08-02 00:00:00,947.6400146484375,984.1208785831634
2017-08-03 00:00:00,940.2999877929688,982.7136074646804
2017-08-04 00:00:00,945.7899780273438,980.7956781664064
2017-08-07 00:00:00,945.75,972.9559560327601
2017-08-08 00:00:00,944.1900024414062,971.7641202723765
2017-08-09 00:00:00,940.0800170898438,970.8471183933565
2017-08-10 00:00:00,923.5900268554688,969.2761767906718
2017-08-11 00:00:00,930.0900268554688,967.4181858628489
2017-08-14 00:00:00,938.9299926757812,960.8754666400365
2017-08-15 00:00:00,938.0800170898438,960.3758595633375
2017-08-16 00:00:00,944.27001953125,960.2402595062671
2017-08-17 00:00:00,927.6599731445312,959.5196717315043
2017-08-18 00:00:00,926.1799926757812,958.5454831773286
2017-08-21 00:00:00,920.8699951171875,954.5521715420692
2017-08-22 00:00:00,940.4000244140625,954.7685772860896
2017-08-23 00:00:00,942.5800170898438,955.2510641256606
2017-08-24 00:00:00,936.8900146484375,956.1287327683548
2017-08-25 00:00:00,930.5,956.6275127495923
2017-08-28 00:00:00,928.1300048828125,956.2222606321703
2017-08-29 00:00:00,935.75,957.3595493860623
2017-08-30 00:00:00,943.6300048828125,958.6365352261264
2017-08-31 00:00:00,955.239990234375,959.0996514820412
2017-09-01 00:00:00,951.989990234375,959.0794179633501
2017-09-05 00:00:00,941.47998046875,957.0783539880817
2017-09-06 00:00:00,942.02001953125,957.6138023449611
2017-09-07 00:00:00,949.8900146484375,957.3562932101496
2017-09-08 00:00:00,941.4099731445312,956.658347417708
2017-09-11 00:00:00,943.2899780273438,952.6748587207692
2017-09-12 00:00:00,946.6500244140625,952.7372144440623
2017-09-13 00:00:00,950.4400024414062,953.0522838511498
2017-09-14 00:00:00,940.1300048828125,952.7009084323113
2017-09-15 00:00:00,935.2899780273438,952.0373071432196
2017-09-18 00:00:00,929.75,948.9045400542344
2017-09-19 00:00:00,936.8599853515625,949.4712897242256
2017-09-20 00:00:00,947.5399780273438,950.3881103730231
2017-09-21 00:00:00,947.5499877929688,950.7257883165793
2017-09-22 00:00:00,943.260009765625,950.8225408534939
2017-09-25 00:00:00,934.280029296875,950.2373258072388
2017-09-26 00:00:00,937.4299926757812,951.6925308523074
2017-09-27 00:00:00,959.9000244140625,953.4945839547534
2017-09-28 00:00:00,964.8099975585938,954.6977402551381
2017-09-29 00:00:00,973.719970703125,955.6282215393938
2017-10-02 00:00:00,967.469970703125,957.2587126829993
2017-10-03 00:00:00,972.0800170898438,959.3514735527122
2017-10-04 00:00:00,966.780029296875,961.7342871135266
2017-10-05 00:00:00,985.1900024414062,963.4534967169132
2017-10-06 00:00:00,993.6400146484375,964.8398172476006
2017-10-09 00:00:00,992.3099975585938,967.5278064602627
2017-10-10 00:00:00,987.7999877929688,969.9137002319471
2017-10-11 00:00:00,1005.6500244140625,972.5693054055581
2017-10-12 00:00:00,1005.6500244140625,974.5389127811883
2017-10-13 00:00:00,1007.8699951171875,976.1652304952349
2017-10-16 00:00:00,1009.3499755859375,979.5913050761036
2017-10-17 00:00:00,1011.0,982.2738482732548
2017-10-18 00:00:00,1012.739990234375,985.2526992990263
2017-10-19 00:00:00,1001.8400268554688,987.5610416608587
2017-10-20 00:00:00,1005.0700073242188,989.5451789663807
2017-10-23 00:00:00,985.5399780273438,994.1328734228755
2017-10-24 00:00:00,988.489990234375,997.2430764947204
2017-10-25 00:00:00,991.4600219726562,1000.651000726129
2017-10-26 00:00:00,991.4199829101562,1003.3653423164092
2017-10-27 00:00:00,1033.6700439453125,1005.7273517868653
2017-10-30 00:00:00,1033.1300048828125,1011.1857337552357
2017-10-31 00:00:00,1033.0400390625,1014.5017696463615
2017-11-01 00:00:00,1042.5999755859375,1018.0517509912745
2017-11-02 00:00:00,1042.969970703125,1020.8208908025224
2017-11-03 00:00:00,1049.989990234375,1023.1519656473049
2017-11-06 00:00:00,1042.6800537109375,1025.9380518733094
2017-11-07 00:00:00,1052.3900146484375,1028.2254070765248
2017-11-08 00:00:00,1058.2900390625,1030.6767397064839
2017-11-09 00:00:00,1047.719970703125,1032.2736529935698
2017-11-10 00:00:00,1044.1500244140625,1033.3756562609897
2017-11-13 00:00:00,1041.199951171875,1034.3430451402728
2017-11-14 00:00:00,1041.6400146484375,1036.028111910247
2017-11-15 00:00:00,1036.4100341796875,1037.8977729579176
2017-11-16 00:00:00,1048.469970703125,1038.9410205408635
2017-11-17 00:00:00,1035.8900146484375,1039.534222141027
2017-11-20 00:00:00,1034.6600341796875,1039.364985974173
2017-11-21 00:00:00,1050.300048828125,1040.8393933594668
2017-11-22 00:00:00,1051.9200439453125,1042.5875568154015
2017-11-24 00:00:00,1056.52001953125,1044.2385699589215
2017-11-27 00:00:00,1072.010009765625,1044.6819452111658
2017-11-28 00:00:00,1063.2900390625,1046.4947258947093
2017-11-29 00:00:00,1037.3800048828125,1048.6264002519142
2017-11-30 00:00:00,1036.1700439453125,1050.0422223590558
2017-12-01 00:00:00,1025.0699462890625,1051.1048904956594
2017-12-04 00:00:00,1011.8699951171875,1052.7131611514576
2017-12-05 00:00:00,1019.5999755859375,1054.8486707596824
2017-12-06 00:00:00,1032.719970703125,1057.244332961009
2017-12-07 00:00:00,1044.5699462890625,1058.8455557043699
2017-12-08 00:00:00,1049.3800048828125,1060.0087984409593
2017-12-11 00:00:00,1051.969970703125,1061.366600143342
2017-12-12 00:00:00,1048.77001953125,1063.251421058412
2017-12-13 00:00:00,1051.3900146484375,1065.315043232311
2017-12-14 00:00:00,1057.469970703125,1066.503809688425
2017-12-15 00:00:00,1072.0,1067.189395792825
2017-12-18 00:00:00,1085.0899658203125,1066.8872003012407
2017-12-19 00:00:00,1079.780029296875,1068.2156083960022
2017-12-20 00:00:00,1073.56005859375,1069.7502025059175
2017-12-21 00:00:00,1070.8499755859375,1070.4535350955032
2017-12-22 00:00:00,1068.8599853515625,1070.7194815051805
2017-12-26 00:00:00,1065.8499755859375,1071.0842414018514
2017-12-27 00:00:00,1060.199951171875,1072.7778550645232
2017-12-28 00:00:00,1055.949951171875,1073.7820830605765
2017-12-29 00:00:00,1053.4000244140625,1074.4932271628788
2018-01-02 00:00:00,1073.2099609375,1077.985731089421
2018-01-03 00:00:00,1091.52001953125,1080.7510364232935
2018-01-04 00:00:00,1095.760009765625,1082.8997164661857
2018-01-05 00:00:00,1110.2900390625,1084.8067448334834
2018-01-08 00:00:00,1114.2099609375,1089.6168581450972
2018-01-09 00:00:00,1112.7900390625,1093.1024818204057
2018-01-10 00:00:00,1110.1400146484375,1096.9616508513795
2018-01-11 00:00:00,1112.050048828125,1100.0889107875173
2018-01-12 00:00:00,1130.6500244140625,1102.8384768479002
2018-01-16 00:00:00,1130.699951171875,1112.78359367396
2018-01-17 00:00:00,1139.0999755859375,1116.5838122077741
2018-01-18 00:00:00,1135.969970703125,1119.4239125595
2018-01-19 00:00:00,1143.5,1121.6660709675052
2018-01-22 00:00:00,1164.1600341796875,1124.0838432624964
2018-01-23 00:00:00,1176.1700439453125,1126.0900010320072
2018-01-24 00:00:00,1171.2900390625,1128.1257783357307
2018-01-25 00:00:00,1182.1400146484375,1129.0775121688582
2018-01-26 00:00:00,1187.56005859375,1129.3433416853502
2018-01-29 00:00:00,1186.47998046875,1126.7938115159975
2018-01-30 00:00:00,1177.3699951171875,1127.1948474592261
2018-01-31 00:00:00,1182.219970703125,1127.6954732910551
2018-02-01 00:00:00,1181.5899658203125,1127.210134861968
2018-02-02 00:00:00,1119.199951171875,1126.163193327427
2018-02-05 00:00:00,1062.3900146484375,1120.6131557784404
2018-02-06 00:00:00,1084.4300537109375,1120.3530047805702
2018-02-07 00:00:00,1055.4100341796875,1120.3706204750758
2018-02-08 00:00:00,1007.7100219726562,1119.5853527581814
2018-02-09 00:00:00,1046.27001953125,1118.4121660209134
2018-02-12 00:00:00,1054.56005859375,1113.3820644295397
2018-02-13 00:00:00,1054.1400146484375,1113.5152884261447
2018-02-14 00:00:00,1072.699951171875,1114.0017877964824
2018-02-15 00:00:00,1091.3599853515625,1113.7408010129411
2018-02-16 00:00:00,1095.5,1113.116911850843
2018-02-20 00:00:00,1103.5899658203125,1110.1028342452882
2018-02-21 00:00:00,1113.75,1110.8515915922546
2018-02-22 00:00:00,1109.9000244140625,1110.7320960089562
2018-02-23 00:00:00,1128.0899658203125,1110.1120240258151
2018-02-26 00:00:00,1143.699951171875,1105.6888238322008
2018-02-27 00:00:00,1117.510009765625,1105.5621411205952
2018-02-28 00:00:00,1103.9200439453125,1105.5288102242152
2018-03-01 00:00:00,1071.4100341796875,1104.4875418697895
2018-03-02 00:00:00,1084.1400146484375,1102.8199374626556
2018-03-05 00:00:00,1094.760009765625,1094.7059179782368
2018-03-06 00:00:00,1100.9000244140625,1093.2255427836271
2018-03-07 00:00:00,1115.0400390625,1091.8239307687081
2018-03-08 00:00:00,1129.3800048828125,1089.4423200800895
2018-03-09 00:00:00,1160.8399658203125,1086.4882579253444
2018-03-12 00:00:00,1165.9300537109375,1075.1124936512497
2018-03-13 00:00:00,1139.9100341796875,1072.7858356711954
2018-03-14 00:00:00,1148.8900146484375,1070.6999441303374
2018-03-15 00:00:00,1150.6099853515625,1067.8329152625531
2018-03-16 00:00:00,1134.4200439453125,1064.5976444121138
2018-03-19 00:00:00,1100.0699462890625,1053.6506820731718
2018-03-20 00:00:00,1095.800048828125,1051.8467672073216
2018-03-21 00:00:00,1094.0,1050.4764475064096
2018-03-22 00:00:00,1053.1500244140625,1048.5273364438249
2018-03-23 00:00:00,1026.550048828125,1046.3904303503687
2018-03-26 00:00:00,1054.0899658203125,1039.6250806846201
2018-03-27 00:00:00,1006.9400024414062,1039.413282697358
2018-03-28 00:00:00,1005.1799926757812,1039.7087829864895
2018-03-29 00:00:00,1037.1400146484375,1039.4864762541233
2018-04-02 00:00:00,1012.6300048828125,1037.5588143542552
2018-04-03 00:00:00,1018.6799926757812,1038.9897045282758
2018-04-04 00:00:00,1029.7099609375,1040.8529221143797
2018-04-05 00:00:00,1032.6400146484375,1043.4991713387763
2018-04-06 00:00:00,1009.9500122070312,1045.882609078766
2018-04-09 00:00:00,1020.0900268554688,1051.8404841907413
2018-04-10 00:00:00,1036.5,1055.5118670402974
2018-04-11 00:00:00,1025.06005859375,1059.4738628993534
2018-04-12 00:00:00,1037.2900390625,1062.6605434421913
2018-04-13 00:00:00,1036.0400390625,1065.4186904035146
2018-04-16 00:00:00,1046.0999755859375,1071.5303647262022
2018-04-17 00:00:00,1079.3599853515625,1074.984167351139
2018-04-18 00:00:00,1075.3900146484375,1078.594791549086
2018-04-19 00:00:00,1089.449951171875,1081.2860638851644
2018-04-20 00:00:00,1077.3199462890625,1083.4221167426513
2018-04-23 00:00:00,1073.81005859375,1087.0411286378348
2018-04-24 00:00:00,1022.6400146484375,1089.5307389410114
2018-04-25 00:00:00,1022.989990234375,1092.1231367906996
2018-04-26 00:00:00,1043.31005859375,1093.7433932180518
2018-04-27 00:00:00,1031.449951171875,1094.776642902347
2018-04-30 00:00:00,1018.5800170898438,1095.0616968051313
2018-05-01 00:00:00,1040.75,1096.4973683040457
2018-05-02 00:00:00,1026.050048828125,1098.0811700098577
2018-05-03 00:00:00,1026.300048828125,1098.7460120972578
2018-05-04 00:00:00,1051.0,1098.893292154025
2018-05-07 00:00:00,1059.4599609375,1097.0598837081807
2018-05-08 00:00:00,1058.5899658203125,1098.0054603065732
2018-05-09 00:00:00,1088.949951171875,1099.2173683945414
2018-05-10 00:00:00,1105.469970703125,1099.6328906693798
2018-05-11 00:00:00,1103.3800048828125,1099.6577181958935
2018-05-14 00:00:00,1106.5999755859375,1098.222724940047
2018-05-15 00:00:00,1084.8699951171875,1099.5493036081348
2018-05-16 00:00:00,1084.0899658203125,1101.256793798226
2018-05-17 00:00:00,1081.260009765625,1102.271310123128
2018-05-18 00:00:00,1069.6400146484375,1102.987040020474
2018-05-21 00:00:00,1084.010009765625,1104.0257853917874
2018-05-22 00:00:00,1075.31005859375,1106.2643894774365
2018-05-23 00:00:00,1085.9599609375,1108.8947606949075
2018-05-24 00:00:00,1085.449951171875,1110.8141488239169
2018-05-25 00:00:00,1084.0799560546875,1112.3962871229837
2018-05-29 00:00:00,1068.0699462890625,1118.3409678507576
2018-05-30 00:00:00,1077.469970703125,1121.3561763496286
2018-05-31 00:00:00,1100.0,1123.4972914033606
2018-06-01 00:00:00,1135.0,1125.1285688010787
2018-06-04 00:00:00,1153.0400390625,1127.3531319878186
2018-06-05 00:00:00,1151.02001953125,1129.4369804173962
2018-06-06 00:00:00,1146.949951171875,1131.6005441653724
2018-06-07 00:00:00,1134.4200439453125,1132.7129715651504
2018-06-08 00:00:00,1132.7099609375,1133.1589341032861
2018-06-11 00:00:00,1140.9000244140625,1131.1256862305543
2018-06-12 00:00:00,1148.18994140625,1131.6583218481715
2018-06-13 00:00:00,1144.22998046875,1132.2530615817645
2018-06-14 00:00:00,1160.1099853515625,1131.814852082891
2018-06-15 00:00:00,1159.27001953125,1130.7682339185337
2018-06-18 00:00:00,1183.5799560546875,1124.9896584426183
2018-06-19 00:00:00,1178.68994140625,1124.6236777250876
2018-06-20 00:00:00,1184.0699462890625,1124.5479580369852
2018-06-21 00:00:00,1169.43994140625,1123.7019072554942
2018-06-22 00:00:00,1169.2900390625,1122.5299550766438
2018-06-25 00:00:00,1139.280029296875,1118.2013155172685
2018-06-26 00:00:00,1132.6199951171875,1118.9294941307862
2018-06-27 00:00:00,1116.93994140625,1120.2534335035807
2018-06-28 00:00:00,1126.780029296875,1121.1044064321666
2018-06-29 00:00:00,1129.18994140625,1121.9047264755618
2018-07-02 00:00:00,1142.1099853515625,1124.8590294743422
2018-07-03 00:00:00,1116.280029296875,1128.3703680711462
2018-07-05 00:00:00,1141.2900390625,1136.404937689929
2018-07-06 00:00:00,1155.0799560546875,1140.1793155474468
2018-07-09 00:00:00,1167.280029296875,1151.6481021406544
2018-07-10 00:00:00,1167.1400146484375,1157.7566873990072
2018-07-11 00:00:00,1171.4599609375,1164.3749707520244
2018-07-12 00:00:00,1201.260009765625,1170.3035487188874
2018-07-13 00:00:00,1204.4200439453125,1175.8882245536279
2018-07-16 00:00:00,1196.510009765625,1190.641601896641
2018-07-17 00:00:00,1213.0799560546875,1197.1363100608646
2018-07-18 00:00:00,1212.9100341796875,1203.7483810835768
2018-07-19 00:00:00,1199.0999755859375,1209.2382889059675
2018-07-20 00:00:00,1197.8800048828125,1213.9732679612694
2018-07-23 00:00:00,1211.0,1223.9382544055918
2018-07-24 00:00:00,1258.1500244140625,1228.2618896069368
2018-07-25 00:00:00,1275.93994140625,1232.459879733103
2018-07-26 00:00:00,1285.5,1235.312651761851
2018-07-27 00:00:00,1252.8900146484375,1237.2531956341807
2018-07-30 00:00:00,1230.0400390625,1238.480696067876
2018-07-31 00:00:00,1227.219970703125,1239.9884252388204
2018-08-01 00:00:00,1232.989990234375,1241.49027988588
2018-08-02 00:00:00,1241.1300048828125,1241.8049396485144
2018-08-03 00:00:00,1238.1600341796875,1241.4135075455254
2018-08-06 00:00:00,1237.6700439453125,1237.2160507747708
2018-08-07 00:00:00,1255.8399658203125,1237.5049408259845
2018-08-08 00:00:00,1261.3299560546875,1238.0948515844846
2018-08-09 00:00:00,1264.4599609375,1237.806312700898
2018-08-10 00:00:00,1252.510009765625,1237.111021445025
2018-08-13 00:00:00,1248.6400146484375,1233.6057730248965
2018-08-14 00:00:00,1258.1400146484375,1234.5621565421138
2018-08-15 00:00:00,1232.219970703125,1235.986534818244
2018-08-16 00:00:00,1224.06005859375,1236.6645546549494
2018-08-17 00:00:00,1215.8499755859375,1237.0273980568365
2018-08-20 00:00:00,1221.949951171875,1236.8504575781415
2018-08-21 00:00:00,1217.4100341796875,1238.8514786379342
2018-08-22 00:00:00,1221.75,1241.234491582018
2018-08-23 00:00:00,1221.1600341796875,1242.7518857901252
2018-08-24 00:00:00,1236.75,1243.811975869328
2018-08-27 00:00:00,1256.27001953125,1244.7145095722974
2018-08-28 00:00:00,1245.8599853515625,1246.7280536519277
2018-08-29 00:00:00,1264.6500244140625,1244.7767802517005
2018-08-30 00:00:00,1254.43994140625,1241.7892853189483
2018-08-31 00:00:00,1231.800048828125,1238.1961938919985
2018-09-04 00:00:00,1211.31005859375,1221.4850639383542
2018-09-05 00:00:00,1199.0999755859375,1218.636293389064
2018-09-06 00:00:00,1183.989990234375,1214.7690573607456
2018-09-07 00:00:00,1177.5899658203125,1210.3345891254212
2018-09-10 00:00:00,1175.06005859375,1194.5963862783537
2018-09-11 00:00:00,1189.989990234375,1191.0715757308612
2018-09-12 00:00:00,1171.5999755859375,1187.8425871948916
2018-09-13 00:00:00,1182.1400146484375,1183.7653286660352
2018-09-14 00:00:00,1177.97998046875,1179.2877973373832
2018-09-17 00:00:00,1159.8299560546875,1164.4116392972683
2018-09-18 00:00:00,1167.1099853515625,1161.4257028706272
2018-09-19 00:00:00,1174.27001953125,1158.861072161546
2018-09-20 00:00:00,1191.5699462890625,1155.5879487144418
2018-09-21 00:00:00,1172.1199951171875,1152.0265504609783
2018-09-24 00:00:00,1179.56005859375,1140.3592292338728
2018-09-25 00:00:00,1193.8900146484375,1138.4813094766757
2018-09-26 00:00:00,1194.06005859375,1137.0270309828807
2018-09-27 00:00:00,1207.3599853515625,1134.8700816305397
2018-09-28 00:00:00,1207.0799560546875,1132.4050978253103
2018-10-01 00:00:00,1208.530029296875,1123.7552305645072
2018-10-02 00:00:00,1207.6400146484375,1122.7259389868286
2018-10-03 00:00:00,1211.530029296875,1122.0428143409424
2018-10-04 00:00:00,1177.0699462890625,1120.5922028851598
2018-10-05 00:00:00,1167.8299560546875,1118.7630889218722
2018-10-08 00:00:00,1155.9200439453125,1111.625994887258
2018-10-09 00:00:00,1145.1700439453125,1110.9673036649694
2018-10-10 00:00:00,1092.1600341796875,1110.6099518506828
2018-10-11 00:00:00,1090.739990234375,1109.461524785451
2018-10-12 00:00:00,1120.5400390625,1107.9168416340667
2018-10-15 00:00:00,1102.43994140625,1101.615163484939
2018-10-16 00:00:00,1133.0799560546875,1101.2362259703962
2018-10-17 00:00:00,1127.5899658203125,1101.1755980312607
2018-10-18 00:00:00,1097.9100341796875,1100.3538766893353
2018-10-19 00:00:00,1105.1800537109375,1099.1638927071383
2018-10-22 00:00:00,1111.3699951171875,1094.0730232281644
2018-10-23 00:00:00,1114.9100341796875,1094.1169064931787
2018-10-24 00:00:00,1057.1199951171875,1094.4823456938116
2018-10-25 00:00:00,1103.5899658203125,1094.0875417059183
2018-10-26 00:00:00,1083.75,1093.3124368043477
2018-10-29 00:00:00,1034.72998046875,1089.2807558132572
2018-10-30 00:00:00,1049.510009765625,1089.5708678557066
2018-10-31 00:00:00,1090.5799560546875,1090.116222822262
2018-11-01 00:00:00,1085.97998046875,1089.8312757848387
2018-11-02 00:00:00,1071.489990234375,1089.0879395941663
2018-11-05 00:00:00,1055.72998046875,1084.6486271973658
2018-11-06 00:00:00,1069.5699462890625,1084.6263971667433
2018-11-07 00:00:00,1108.239990234375,1084.7787195865026
2018-11-08 00:00:00,1094.6300048828125,1084.0323610909809
2018-11-09 00:00:00,1077.02001953125,1084.132002473579
2018-11-12 00:00:00,1049.3599853515625,1081.959749133882
2018-11-13 00:00:00,1047.969970703125,1082.6452364286552
2018-11-14 00:00:00,1054.5799560546875,1083.5092530981935
2018-11-15 00:00:00,1071.050048828125,1083.4947616278414
2018-11-16 00:00:00,1068.27001953125,1082.9948253658563
2018-11-19 00:00:00,1027.4200439453125,1079.367830848317
2018-11-20 00:00:00,1030.449951171875,1079.7146713242566
2018-11-21 00:00:00,1043.4300537109375,1080.326590002637
2018-11-23 00:00:00,1030.0999755859375,1079.5906523342699
2018-11-26 00:00:00,1055.93994140625,1076.3109982733636
2018-11-27 00:00:00,1052.280029296875,1076.9237736907844
2018-11-28 00:00:00,1091.7900390625,1077.8617394017863
2018-11-29 00:00:00,1094.5799560546875,1078.0645205996968
2018-11-30 00:00:00,1109.6500244140625,1077.9096574815694
2018-12-03 00:00:00,1116.3599853515625,1075.889543692226
2018-12-04 00:00:00,1062.469970703125,1076.8782489792743
2018-12-06 00:00:00,1078.0799560546875,1078.6176172878056
2018-12-07 00:00:00,1046.5799560546875,1078.659353087135
2018-12-10 00:00:00,1053.1800537109375,1076.7128240888294
2018-12-11 00:00:00,1061.6500244140625,1077.5431204354702
2018-12-12 00:00:00,1073.72998046875,1078.5612489757114
2018-12-13 00:00:00,1073.5400390625,1078.697857735231
2018-12-14 00:00:00,1051.7099609375,1078.3276630769878
2018-12-17 00:00:00,1025.6500244140625,1074.818756289841
2018-12-18 00:00:00,1043.4100341796875,1075.0706085786987
2018-12-19 00:00:00,1035.4599609375,1075.5123755649308
2018-12-20 00:00:00,1023.5800170898438,1075.0981993873022
2018-12-21 00:00:00,991.25,1074.223045144023
2018-12-24 00:00:00,984.6699829101562,1069.66935041746
2018-12-26 00:00:00,1047.8499755859375,1070.1981647275977
2018-12-27 00:00:00,1052.9000244140625,1069.9053307544318
2018-12-28 00:00:00,1046.6800537109375,1069.295972800611
2018-12-31 00:00:00,1044.9599609375,1066.39987303351
2019-01-02 00:00:00,1054.6800537109375,1068.669678448022
2019-01-03 00:00:00,1025.469970703125,1069.4053011072344
2019-01-04 00:00:00,1078.0699462890625,1069.9033375547206
2019-01-07 00:00:00,1075.9200439453125,1070.5618366209396
2019-01-08 00:00:00,1085.3699951171875,1072.6658494692933
2019-01-09 00:00:00,1081.6500244140625,1075.1574189801697
2019-01-10 00:00:00,1078.8299560546875,1076.9567329646204
2019-01-11 00:00:00,1064.469970703125,1078.4157036367174
2019-01-14 00:00:00,1051.510009765625,1081.1043058648988
2019-01-15 00:00:00,1086.510009765625,1083.5575349158023
2019-01-16 00:00:00,1089.510009765625,1086.2062722846413
2019-01-17 00:00:00,1099.1199951171875,1087.9509007360011
2019-01-18 00:00:00,1107.300048828125,1089.143006052767
2019-01-22 00:00:00,1078.6300048828125,1091.2145068184464
2019-01-23 00:00:00,1084.4100341796875,1092.6669020571344
2019-01-24 00:00:00,1084.0,1093.071666283165
2019-01-25 00:00:00,1101.510009765625,1092.809928560183
2019-01-28 00:00:00,1079.8599853515625,1098.7258613113825
2019-01-29 00:00:00,1070.06005859375,1101.8880867810242
2019-01-30 00:00:00,1097.989990234375,1105.1308554606885
2019-01-31 00:00:00,1125.8900146484375,1107.385199171069
2019-02-01 00:00:00,1118.6199951171875,1109.0594563583545
2019-02-04 00:00:00,1141.4200439453125,1111.5030994182277
2019-02-05 00:00:00,1151.8699951171875,1113.8283066030044
2019-02-06 00:00:00,1122.8900146484375,1116.4051336172101
2019-02-07 00:00:00,1105.9100341796875,1118.1588209877089
2019-02-08 00:00:00,1102.3800048828125,1119.5026464124937
2019-02-11 00:00:00,1102.1199951171875,1121.9144893129217
2019-02-12 00:00:00,1127.5799560546875,1124.5254123726854
2019-02-13 00:00:00,1128.6300048828125,1127.5001476070518
2019-02-14 00:00:00,1129.199951171875,1129.7297518709495
2019-02-15 00:00:00,1119.6300048828125,1131.6052668412121
2019-02-19 00:00:00,1126.510009765625,1138.7965396006311
2019-02-20 00:00:00,1120.5899658203125,1142.2103015201583
2019-02-21 00:00:00,1104.2099609375,1144.7695334226617
2019-02-22 00:00:00,1116.56005859375,1146.8487499362163
2019-02-25 00:00:00,1117.3299560546875,1150.6237216703694
2019-02-26 00:00:00,1122.010009765625,1153.3419232664946
2019-02-27 00:00:00,1122.8900146484375,1156.1869297780795
2019-02-28 00:00:00,1126.550048828125,1158.0010070417143
2019-03-01 00:00:00,1148.52001953125,1159.1728421039727
2019-03-04 00:00:00,1153.4200439453125,1159.4186689507999
2019-03-05 00:00:00,1169.18994140625,1160.779605487704
2019-03-06 00:00:00,1164.93994140625,1162.2111523514957
2019-03-07 00:00:00,1150.8499755859375,1162.57868760304
2019-03-08 00:00:00,1149.969970703125,1162.3052749426638
2019-03-11 00:00:00,1179.260009765625,1158.543060750753
2019-03-12 00:00:00,1197.25,1158.7737239393034
2019-03-13 00:00:00,1199.06005859375,1159.2194919519602
2019-03-14 00:00:00,1192.530029296875,1158.771846677255
2019-03-15 00:00:00,1190.300048828125,1157.8734852731382
2019-03-18 00:00:00,1188.550048828125,1153.5140070403638
2019-03-19 00:00:00,1202.4599609375,1153.9852230311603
2019-03-20 00:00:00,1226.4300537109375,1154.8963236340462
2019-03-21 00:00:00,1236.1300048828125,1155.1384343013244
2019-03-22 00:00:00,1207.6500244140625,1155.1432063616217
2019-03-25 00:00:00,1197.3800048828125,1154.6232868203626
2019-03-26 00:00:00,1189.8399658203125,1156.6919853912846
2019-03-27 00:00:00,1178.010009765625,1159.3276416309461
2019-03-28 00:00:00,1172.27001953125,1161.3931624879149
2019-03-29 00:00:00,1176.8900146484375,1163.294473036379
2019-04-01 00:00:00,1198.97998046875,1168.6369935856192
2019-04-02 00:00:00,1205.5400390625,1172.6616984354864
2019-04-03 00:00:00,1210.81005859375,1177.2129387198374
2019-04-04 00:00:00,1219.449951171875,1181.1133900541645
2019-04-05 00:00:00,1211.449951171875,1184.7519319967312
2019-04-08 00:00:00,1208.280029296875,1194.5402276121847
2019-04-09 00:00:00,1202.68994140625,1199.7954199322553
2019-04-10 00:00:00,1206.449951171875,1201.64632342232
2019-04-11 00:00:00,1209.5899658203125,1202.6384035556466
2019-04-12 00:00:00,1222.72998046875,1203.167939398219
2019-04-15 00:00:00,1226.530029296875,1202.4545479485116
2019-04-16 00:00:00,1231.9100341796875,1203.8448644604027
2019-04-17 00:00:00,1240.1400146484375,1205.4209085005525
2019-04-18 00:00:00,1241.469970703125,1205.9788516623455
2019-04-22 00:00:00,1253.760009765625,1202.727675798493
2019-04-23 00:00:00,1270.5899658203125,1203.0899757336526
2019-04-24 00:00:00,1260.050048828125,1203.5610731966115
2019-04-25 00:00:00,1267.3399658203125,1202.95519651154
2019-04-26 00:00:00,1277.4200439453125,1201.698674294353
2019-04-29 00:00:00,1296.199951171875,1194.8087622929477
2019-04-30 00:00:00,1198.9599609375,1193.9554128600262
2019-05-01 00:00:00,1173.3199462890625,1193.245037139599
2019-05-02 00:00:00,1166.510009765625,1191.5174120387842
2019-05-03 00:00:00,1189.550048828125,1189.2112768792692
2019-05-06 00:00:00,1193.4599609375,1179.735785211023
2019-05-07 00:00:00,1178.8599853515625,1178.2148709557896
2019-05-08 00:00:00,1170.780029296875,1176.954849099762
2019-05-09 00:00:00,1167.969970703125,1174.8185967158447
2019-05-10 00:00:00,1167.6400146484375,1172.2447648207335
2019-05-13 00:00:00,1136.5899658203125,1162.8218442900763
2019-05-14 00:00:00,1124.8599853515625,1161.5643411667918
2019-05-15 00:00:00,1170.800048828125,1160.6921204551236
2019-05-16 00:00:00,1184.5,1159.0762296899659
2019-05-17 00:00:00,1168.780029296875,1157.1386856292345
2019-05-20 00:00:00,1144.6600341796875,1150.1690850195332
2019-05-21 00:00:00,1154.43994140625,1149.8292499424103
2019-05-22 00:00:00,1155.8499755859375,1149.9018109248998
2019-05-23 00:00:00,1145.3399658203125,1149.2472845399068
2019-05-24 00:00:00,1138.6099853515625,1148.2605777904328
2019-05-28 00:00:00,1139.56005859375,1144.1659985310612
2019-05-29 00:00:00,1119.93994140625,1144.7789987058823
2019-05-30 00:00:00,1121.4100341796875,1144.5284259809525
2019-05-31 00:00:00,1106.5,1143.7907250755934
2019-06-03 00:00:00,1038.739990234375,1139.0728413813617
2019-06-04 00:00:00,1054.489990234375,1138.9182613071773
2019-06-05 00:00:00,1044.6400146484375,1138.8653128320536
2019-06-06 00:00:00,1047.760009765625,1137.7732775136465
2019-06-07 00:00:00,1068.3699951171875,1136.02887031486
2019-06-10 00:00:00,1082.760009765625,1127.4863006265546
2019-06-11 00:00:00,1081.0400390625,1125.8469372558413
2019-06-12 00:00:00,1079.0999755859375,1124.2553597113986
2019-06-13 00:00:00,1091.010009765625,1121.6193009379724
2019-06-14 00:00:00,1086.300048828125,1118.3582462226825
2019-06-17 00:00:00,1093.8900146484375,1105.7992583170214
2019-06-18 00:00:00,1105.239990234375,1103.0743552038289
2019-06-19 00:00:00,1104.510009765625,1100.5868984889032
2019-06-20 00:00:00,1113.199951171875,1097.2972997749703
2019-06-21 00:00:00,1125.3699951171875,1093.6427584938688
2019-06-24 00:00:00,1116.699951171875,1088.1745727283765
2019-06-25 00:00:00,1087.5799560546875,1088.3617662129934
2019-06-26 00:00:00,1080.3199462890625,1089.081786911354
2019-06-27 00:00:00,1076.6300048828125,1089.3006322394037
2019-06-28 00:00:00,1082.800048828125,1089.4354845355163
2019-07-01 00:00:00,1100.0,1090.2429225077562
2019-07-02 00:00:00,1112.5999755859375,1092.94227836716
2019-07-03 00:00:00,1122.989990234375,1096.3343632878398
2019-07-05 00:00:00,1132.6700439453125,1102.3284578757455
2019-07-08 00:00:00,1116.7900390625,1111.6506148744706
2019-07-09 00:00:00,1124.2900390625,1117.0592809492284
2019-07-10 00:00:00,1140.9100341796875,1123.0164885741046
2019-07-11 00:00:00,1144.0799560546875,1128.370555780112
2019-07-12 00:00:00,1145.3399658203125,1133.4594638988533
2019-07-15 00:00:00,1150.510009765625,1147.2176711673342
2019-07-16 00:00:00,1153.4599609375,1153.4627044762985
2019-07-17 00:00:00,1146.739990234375,1159.887037340273
2019-07-18 00:00:00,1147.239990234375,1165.2922563510435
2019-07-19 00:00:00,1131.550048828125,1170.0266307454726
2019-07-22 00:00:00,1139.2099609375,1180.4098005587352
2019-07-23 00:00:00,1148.050048828125,1184.8982006216966
2019-07-24 00:00:00,1139.72998046875,1189.2810113137577
2019-07-25 00:00:00,1135.93994140625,1192.3714354210647
2019-07-26 00:00:00,1245.219970703125,1194.576945912019
2019-07-29 00:00:00,1241.8399658203125,1196.6374339869203
2019-07-30 00:00:00,1228.0,1198.3192193373625
2019-07-31 00:00:00,1218.199951171875,1199.951506392171
2019-08-01 00:00:00,1211.780029296875,1200.3874114676746
2019-08-02 00:00:00,1196.3199462890625,1200.0880535246267
2019-08-05 00:00:00,1154.75,1195.93535946041
2019-08-06 00:00:00,1171.0799560546875,1196.073644218459
2019-08-07 00:00:00,1175.9100341796875,1196.4517447315047
2019-08-08 00:00:00,1206.18994140625,1195.9337486398515
2019-08-09 00:00:00,1188.9000244140625,1194.9806491752004
2019-08-12 00:00:00,1174.5,1190.559224174078
2019-08-13 00:00:00,1196.72998046875,1191.0943046074703
2019-08-14 00:00:00,1164.25,1192.0706272685636
2019-08-15 00:00:00,1169.3199462890625,1192.3239290232875
2019-08-16 00:00:00,1179.2099609375,1192.2772793452505
2019-08-19 00:00:00,1200.43994140625,1191.0033896599457
2019-08-20 00:00:00,1183.530029296875,1192.6073092267575
2019-08-21 00:00:00,1191.5799560546875,1194.6069030339684
2019-08-22 00:00:00,1191.52001953125,1195.8039730787414
2019-08-23 00:00:00,1153.5799560546875,1196.5933835040964
2019-08-26 00:00:00,1171.1800537109375,1196.9657931037887
2019-08-27 00:00:00,1170.8199462890625,1198.7970586195918
2019-08-28 00:00:00,1173.75,1200.8507081225716
2019-08-29 00:00:00,1194.239990234375,1201.9237368156344
2019-08-30 00:00:00,1190.530029296875,1202.4199931936553
2019-09-03 00:00:00,1169.550048828125,1202.076412396905
2019-09-04 00:00:00,1182.27001953125,1203.260138362724
2019-09-05 00:00:00,1212.18994140625,1203.41647974026
2019-09-06 00:00:00,1206.3199462890625,1202.979492584954
2019-09-09 00:00:00,1205.27001953125,1198.9894073121054
2019-09-10 00:00:00,1205.699951171875,1199.295015248216
2019-09-11 00:00:00,1220.0,1199.859372215835
2019-09-12 00:00:00,1234.969970703125,1199.5256432730268
2019-09-13 00:00:00,1240.030029296875,1198.7415046164024
2019-09-16 00:00:00,1231.6300048828125,1194.6462083216686
2019-09-17 00:00:00,1229.8800048828125,1195.2258119150629
2019-09-18 00:00:00,1232.6500244140625,1196.2149809117989
2019-09-19 00:00:00,1238.75,1196.4514085208796
2019-09-20 00:00:00,1229.8399658203125,1196.3685020705755
2019-09-23 00:00:00,1234.68994140625,1194.9957875842786
2019-09-24 00:00:00,1218.3299560546875,1196.6283050931672
2019-09-25 00:00:00,1245.93994140625,1198.7134029559897
2019-09-26 00:00:00,1242.2900390625,1200.0666990028908
2019-09-27 00:00:00,1225.949951171875,1201.102129875145
2019-09-30 00:00:00,1221.1400146484375,1202.919490260865
2019-10-01 00:00:00,1206.0,1205.5303193612817
2019-10-02 00:00:00,1177.9200439453125,1208.5330169016245
2019-10-03 00:00:00,1189.4300537109375,1210.7269657998631
2019-10-04 00:00:00,1210.9599609375,1212.524736324243
2019-10-07 00:00:00,1208.25,1216.164453514504
2019-10-08 00:00:00,1190.1300048828125,1219.26844627571
2019-10-09 00:00:00,1202.4000244140625,1222.7138406677548
2019-10-10 00:00:00,1209.469970703125,1225.2952994816812
2019-10-11 00:00:00,1215.7099609375,1227.4401652322215
2019-10-14 00:00:00,1217.77001953125,1231.993337935449
2019-10-15 00:00:00,1242.239990234375,1235.4261992846848
2019-10-16 00:00:00,1243.0,1239.2207262294203
2019-10-17 00:00:00,1252.800048828125,1242.1621538318286
2019-10-18 00:00:00,1244.4100341796875,1244.688116972775
2019-10-21 00:00:00,1244.280029296875,1250.5353808235063
2019-10-22 00:00:00,1241.199951171875,1254.4821403814494
2019-10-23 00:00:00,1257.6300048828125,1258.8157266118187
2019-10-24 00:00:00,1259.1099853515625,1262.2939849356524
2019-10-25 00:00:00,1264.300048828125,1265.350932952918
2019-10-28 00:00:00,1288.97998046875,1272.6476826949076
2019-10-29 00:00:00,1260.6600341796875,1277.032948134993
2019-10-30 00:00:00,1260.699951171875,1281.7518024446274
2019-10-31 00:00:00,1258.800048828125,1285.5275407305405
2019-11-01 00:00:00,1272.25,1288.7912074789524
2019-11-04 00:00:00,1289.6099853515625,1296.0985509434558
2019-11-05 00:00:00,1291.43994140625,1300.3179746937492
2019-11-06 00:00:00,1291.010009765625,1304.7734601470256
2019-11-07 00:00:00,1306.93994140625,1308.1693004053257
2019-11-08 00:00:00,1309.0,1310.9517685097233
2019-11-11 00:00:00,1298.280029296875,1316.3331029237513
2019-11-12 00:00:00,1297.2099609375,1319.8389712395924
2019-11-13 00:00:00,1296.1800537109375,1323.561084035747
2019-11-14 00:00:00,1309.1500244140625,1326.2038585756995
2019-11-15 00:00:00,1333.5400390625,1325.3750675753738
2019-11-18 00:00:00,1319.8399658203125,1320.171655192443
2019-11-19 00:00:00,1312.5899658203125,1320.298678301622
2019-11-20 00:00:00,1301.8599853515625,1320.7282840384312
2019-11-21 00:00:00,1300.1400146484375,1320.178273551861
2019-11-22 00:00:00,1293.6700439453125,1319.1318837513095
2019-11-25 00:00:00,1305.6400146484375,1313.963982339415
2019-11-26 00:00:00,1313.0,1314.30483452631
2019-11-27 00:00:00,1312.1300048828125,1315.0377154964488
2019-11-29 00:00:00,1304.0899658203125,1314.2748677514928
2019-12-02 00:00:00,1288.8599853515625,1310.6431766264916
2019-12-03 00:00:00,1294.739990234375,1311.4869643721718
2019-12-04 00:00:00,1318.93994140625,1312.6883325131178
2019-12-05 00:00:00,1326.9599609375,1312.9409338343805
2019-12-06 00:00:00,1339.3900146484375,1312.6912686132903
2019-12-09 00:00:00,1342.989990234375,1309.5504753298533
2019-12-10 00:00:00,1342.8900146484375,1310.3415682333716
2019-12-11 00:00:00,1344.25,1311.376396117409
2019-12-12 00:00:00,1348.489990234375,1311.351733810068
2019-12-13 00:00:00,1346.8699951171875,1310.7198286702296
2019-12-16 00:00:00,1360.699951171875,1305.921051259652
2019-12-17 00:00:00,1354.8900146484375,1306.0372239337507
2019-12-18 00:00:00,1351.9100341796875,1306.3703064827478
2019-12-19 00:00:00,1356.43994140625,1305.6456387558194
2019-12-20 00:00:00,1351.219970703125,1304.3393021581926
2019-12-23 00:00:00,1350.6300048828125,1297.9181793487742
2019-12-24 00:00:00,1344.4300537109375,1297.68761773133
2019-12-26 00:00:00,1362.469970703125,1297.0267924946033
2019-12-27 00:00:00,1354.6400146484375,1295.83139979935
2019-12-30 00:00:00,1339.7099609375,1290.7909501306972
2019-12-31 00:00:00,1339.3900146484375,1291.3502637484428
2020-01-02 00:00:00,1368.6800537109375,1292.7302923481423
2020-01-03 00:00:00,1361.52001953125,1292.7539950611585
2020-01-06 00:00:00,1397.81005859375,1291.8628994141436
2020-01-07 00:00:00,1395.1099853515625,1293.8753573149365
2020-01-08 00:00:00,1405.0400390625,1296.3810764824111
2020-01-09 00:00:00,1419.7900390625,1298.0832262433626
2020-01-10 00:00:00,1428.9599609375,1299.4112790961872
2020-01-13 00:00:00,1440.030029296875,1301.6136282005396
2020-01-14 00:00:00,1430.5899658203125,1304.3126217941215
2020-01-15 00:00:00,1439.199951171875,1307.2922644284595
2020-01-16 00:00:00,1450.1600341796875,1309.228230305974
2020-01-17 00:00:00,1479.52001953125,1310.5419060738136
2020-01-21 00:00:00,1482.25,1312.9035174219096
2020-01-22 00:00:00,1483.8699951171875,1314.6805992363893
2020-01-23 00:00:00,1484.68994140625,1315.209842888064
2020-01-24 00:00:00,1466.1700439453125,1314.943013361537
2020-01-27 00:00:00,1431.72998046875,1310.139066594178
2020-01-28 00:00:00,1450.5,1309.9165694098797
2020-01-29 00:00:00,1456.699951171875,1309.7536077656853
2020-01-30 00:00:00,1454.25,1308.3817633341278
2020-01-31 00:00:00,1432.780029296875,1309.2222373020813
2020-02-03 00:00:00,1482.5999755859375,1308.4669008674302
2020-02-04 00:00:00,1445.4100341796875,1309.9123470339882
2020-02-05 00:00:00,1446.050048828125,1311.611250029233
2020-02-06 00:00:00,1475.969970703125,1312.3033534790832
2020-02-07 00:00:00,1479.1099853515625,1312.479214425177
2020-02-10 00:00:00,1508.6600341796875,1310.9484351708998
2020-02-11 00:00:00,1510.06005859375,1312.5120698440733
2020-02-12 00:00:00,1518.6300048828125,1314.4871903205901
2020-02-13 00:00:00,1513.3900146484375,1315.587092412715
2020-02-14 00:00:00,1518.72998046875,1316.2757292799872
2020-02-18 00:00:00,1519.43994140625,1318.799396986056
2020-02-19 00:00:00,1524.8699951171875,1321.3565301436079
2020-02-20 00:00:00,1516.989990234375,1322.9522076992014
2020-02-21 00:00:00,1483.4599609375,1324.024050470665
2020-02-24 00:00:00,1419.8599853515625,1324.6003624191292
2020-02-25 00:00:00,1386.3199462890625,1326.5376523733494
2020-02-26 00:00:00,1390.469970703125,1328.6469553512588
2020-02-27 00:00:00,1314.949951171875,1329.5951066346972
2020-02-28 00:00:00,1339.25,1329.826700835602
2020-03-02 00:00:00,1386.3199462890625,1326.8552982468364
2020-03-03 00:00:00,1337.719970703125,1327.3366979240761
2020-03-04 00:00:00,1381.5999755859375,1327.8905424269756
2020-03-05 00:00:00,1314.760009765625,1327.2149672432813
2020-03-06 00:00:00,1295.739990234375,1325.7894007322586
2020-03-09 00:00:00,1215.7900390625,1318.0043506519767
2020-03-10 00:00:00,1275.1700439453125,1317.0315479435344
2020-03-11 00:00:00,1210.9000244140625,1316.2611632171636
2020-03-12 00:00:00,1111.550048828125,1314.4325389034009
2020-03-13 00:00:00,1214.27001953125,1312.0488257556751
2020-03-16 00:00:00,1073.0,1302.7564801180433
2020-03-17 00:00:00,1118.06005859375,1301.7494371146688
2020-03-18 00:00:00,1091.18994140625,1301.1965796769477
2020-03-19 00:00:00,1111.6700439453125,1299.851578951312
2020-03-20 00:00:00,1068.2099609375,1298.2063125993736
2020-03-23 00:00:00,1054.1300048828125,1292.522360486509
2020-03-24 00:00:00,1130.010009765625,1293.1025141330615
2020-03-25 00:00:00,1101.6199951171875,1294.3022218519282
2020-03-26 00:00:00,1162.9200439453125,1294.856676801065
2020-03-27 00:00:00,1110.260009765625,1295.2258713195506
2020-03-30 00:00:00,1146.31005859375,1295.9725644940524
2020-03-31 00:00:00,1161.949951171875,1298.7361601351129
2020-04-01 00:00:00,1102.0999755859375,1302.0973131208452
2020-04-02 00:00:00,1117.030029296875,1304.7567603623384
2020-04-03 00:00:00,1092.699951171875,1307.1493018047402
2020-04-06 00:00:00,1183.18994140625,1313.2462514438796
2020-04-07 00:00:00,1182.56005859375,1317.5259172761373
2020-04-08 00:00:00,1207.0,1322.2401731859911
2020-04-09 00:00:00,1206.5699462890625,1326.058208320759
2020-04-13 00:00:00,1210.4100341796875,1337.166308710692
2020-04-14 00:00:00,1265.22998046875,1341.6375720048616
2020-04-15 00:00:00,1257.300048828125,1346.3566194202804
2020-04-16 00:00:00,1257.4300537109375,1349.9748735631347
2020-04-17 00:00:00,1279.0,1352.9408437883224
2020-04-20 00:00:00,1261.1500244140625,1358.5376476016395
2020-04-21 00:00:00,1212.1600341796875,1362.0468193730362
2020-04-22 00:00:00,1258.4100341796875,1365.6944027200727
2020-04-23 00:00:00,1271.1700439453125,1368.1294429174002
2020-04-24 00:00:00,1276.5999755859375,1369.8262868733732
2020-04-27 00:00:00,1270.8599853515625,1371.3040901819438
2020-04-28 00:00:00,1232.5899658203125,1373.4252999786581
2020-04-29 00:00:00,1342.1800537109375,1375.6981320174627
2020-04-30 00:00:00,1346.699951171875,1376.7803340129547
2020-05-01 00:00:00,1317.3199462890625,1377.1695908905585
2020-05-04 00:00:00,1322.9000244140625,1375.1793524211712
2020-05-05 00:00:00,1349.02001953125,1376.3556210957117
2020-05-06 00:00:00,1345.4300537109375,1377.8069189155558
2020-05-07 00:00:00,1369.280029296875,1378.2005802185433
2020-05-08 00:00:00,1384.3399658203125,1378.0456615805763
2020-05-11 00:00:00,1403.5899658203125,1375.3568626355911
2020-05-12 00:00:00,1375.1800537109375,1376.621533438546
2020-05-13 00:00:00,1348.3299560546875,1378.320657503986
2020-05-14 00:00:00,1356.8599853515625,1379.1165696359333
2020-05-15 00:00:00,1373.06005859375,1379.5105682742258
2020-05-18 00:00:00,1385.1800537109375,1379.2261047789007
2020-05-19 00:00:00,1374.4000244140625,1381.4995727940939
2020-05-20 00:00:00,1409.1600341796875,1384.2796506028733
2020-05-21 00:00:00,1406.75,1386.200004451459
2020-05-22 00:00:00,1413.239990234375,1387.7379148547493
2020-05-26 00:00:00,1421.3699951171875,1393.9799073409802
2020-05-27 00:00:00,1420.280029296875,1397.6262781105286
2020-05-28 00:00:00,1418.239990234375,1400.2658884540758
2020-05-29 00:00:00,1433.52001953125,1402.3555495332148
2020-06-01 00:00:00,1434.8699951171875,1405.8069936170684
2020-06-02 00:00:00,1442.31005859375,1408.7902756670992
2020-06-03 00:00:00,1439.25,1411.9426041273318
2020-06-04 00:00:00,1414.300048828125,1413.8433703887213
2020-06-05 00:00:00,1440.02001953125,1414.9602687346578
2020-06-08 00:00:00,1448.0400390625,1414.245403590816
2020-06-09 00:00:00,1452.0799560546875,1415.5166803250586
2020-06-10 00:00:00,1464.699951171875,1416.8368796959583
2020-06-11 00:00:00,1401.9000244140625,1416.8180459021196
2020-06-12 00:00:00,1412.9200439453125,1415.973449419092
2020-06-15 00:00:00,1420.739990234375,1409.5908520126536
2020-06-16 00:00:00,1446.469970703125,1409.192100134517
2020-06-17 00:00:00,1452.5400390625,1409.0263017413952
2020-06-18 00:00:00,1434.1199951171875,1407.7570516804756
2020-06-19 00:00:00,1424.6400146484375,1405.936688137094
2020-06-22 00:00:00,1450.6600341796875,1398.599499828216
2020-06-23 00:00:00,1463.97998046875,1398.595784678018
2020-06-24 00:00:00,1432.699951171875,1399.2108027945235
2020-06-25 00:00:00,1441.0999755859375,1399.1211695277652
2020-06-26 00:00:00,1362.5400390625,1398.8696883931357
2020-06-29 00:00:00,1397.1700439453125,1398.392603389987
2020-06-30 00:00:00,1418.050048828125,1401.302276640776
2020-07-01 00:00:00,1442.0,1405.0918968952662
2020-07-02 00:00:00,1469.9300537109375,1408.3875334082654
2020-07-06 00:00:00,1499.6500244140625,1422.2139382578205
2020-07-07 00:00:00,1489.9200439453125,1428.7728974365793
2020-07-08 00:00:00,1503.5999755859375,1436.1001117596236
2020-07-09 00:00:00,1518.6600341796875,1442.7310664267259
2020-07-10 00:00:00,1539.010009765625,1449.1052144794028
2020-07-13 00:00:00,1512.22998046875,1466.838980596175
2020-07-14 00:00:00,1520.8599853515625,1475.0584372198805
2020-07-15 00:00:00,1516.8800048828125,1483.6004523444385
2020-07-16 00:00:00,1514.9200439453125,1490.928997680088
2020-07-17 00:00:00,1516.8499755859375,1497.4839099649928
2020-07-20 00:00:00,1563.8399658203125,1512.6872267431415
2020-07-21 00:00:00,1555.9200439453125,1519.1827240804105
2020-07-22 00:00:00,1564.8499755859375,1525.5811863389374
2020-07-23 00:00:00,1516.75,1530.347344861819
2020-07-24 00:00:00,1508.2099609375,1533.989605804924
2020-07-27 00:00:00,1529.4300537109375,1539.0034210613524
2020-07-28 00:00:00,1503.6500244140625,1541.8956084341005
2020-07-29 00:00:00,1523.510009765625,1544.679054284194
2020-07-30 00:00:00,1538.3699951171875,1545.8684588173198
2020-07-31 00:00:00,1487.949951171875,1546.0493354112148
2020-08-03 00:00:00,1482.760009765625,1541.981835281512
2020-08-04 00:00:00,1473.300048828125,1542.444976339921
2020-08-05 00:00:00,1479.0899658203125,1543.1474898365952
2020-08-06 00:00:00,1504.949951171875,1542.6274092394874
2020-08-07 00:00:00,1498.3699951171875,1541.4837544928168
2020-08-10 00:00:00,1496.8199462890625,1535.7288337013065
2020-08-11 00:00:00,1480.5400390625,1536.3251935007172
2020-08-12 00:00:00,1507.239990234375,1537.4666991803383
2020-08-13 00:00:00,1516.6500244140625,1537.660841044101
2020-08-14 00:00:00,1504.6300048828125,1537.462502748319
2020-08-17 00:00:00,1516.239990234375,1535.4574767050258
2020-08-18 00:00:00,1555.780029296875,1537.446922942165
2020-08-19 00:00:00,1544.6099853515625,1539.9779893584325
2020-08-20 00:00:00,1576.25,1541.5108372070908
2020-08-21 00:00:00,1575.5699462890625,1542.558042535028
2020-08-24 00:00:00,1585.1500244140625,1543.3812202892912
2020-08-25 00:00:00,1605.8499755859375,1545.9405122013425
2020-08-26 00:00:00,1644.1300048828125,1548.8253070240696
2020-08-27 00:00:00,1628.52001953125,1550.4801736981744
2020-08-28 00:00:00,1639.4300537109375,1551.4208134144574
2020-08-31 00:00:00,1629.530029296875,1550.663445290738
2020-09-01 00:00:00,1655.0799560546875,1552.3547986138121
2020-09-02 00:00:00,1717.3900146484375,1554.2392031507225
2020-09-03 00:00:00,1629.510009765625,1554.7879927658398
2020-09-04 00:00:00,1581.2099609375,1554.5549022439234
2020-09-08 00:00:00,1523.5999755859375,1550.8586817204962
2020-09-09 00:00:00,1547.22998046875,1551.7711615532285
2020-09-10 00:00:00,1526.050048828125,1551.484113721117
2020-09-11 00:00:00,1515.760009765625,1550.5757249629578
2020-09-14 00:00:00,1508.8299560546875,1545.372195178359
2020-09-15 00:00:00,1535.1199951171875,1546.0861215311518
2020-09-16 00:00:00,1512.0899658203125,1547.301656094647
2020-09-17 00:00:00,1487.0400390625,1547.5194526538323
2020-09-18 00:00:00,1451.0899658203125,1547.3047407888369
2020-09-21 00:00:00,1430.1400146484375,1545.1389069612317
2020-09-22 00:00:00,1459.8199462890625,1547.112675202498
2020-09-23 00:00:00,1409.3900146484375,1549.6753162577684
2020-09-24 00:00:00,1422.8599853515625,1551.2996537551355
2020-09-25 00:00:00,1439.06005859375,1552.5244498549705
2020-09-28 00:00:00,1458.6600341796875,1554.6270955005825
2020-09-29 00:00:00,1466.02001953125,1557.9558198914956
2020-09-30 00:00:00,1465.5999755859375,1561.810062652916
2020-10-01 00:00:00,1487.9000244140625,1564.6378609215292
2020-10-02 00:00:00,1455.5999755859375,1566.9713955126874
2020-10-05 00:00:00,1482.8299560546875,1571.7941919164853
2020-10-06 00:00:00,1451.02001953125,1575.8671584502931
2020-10-07 00:00:00,1459.1400146484375,1580.3879594924686
2020-10-08 00:00:00,1483.4300537109375,1583.7959126216738
2020-10-09 00:00:00,1510.449951171875,1586.6406101484044
2020-10-12 00:00:00,1564.5899658203125,1592.7257387057928
2020-10-13 00:00:00,1567.0699462890625,1597.2186420830628
2020-10-14 00:00:00,1563.43994140625,1602.171862900384
2020-10-15 00:00:00,1555.469970703125,1606.014602567568
2020-10-16 00:00:00,1567.699951171875,1609.3129565888078
2020-10-19 00:00:00,1529.949951171875,1616.9387098151233
2020-10-20 00:00:00,1551.0799560546875,1622.059507840295
2020-10-21 00:00:00,1585.989990234375,1627.6827228569023
2020-10-22 00:00:00,1606.6600341796875,1632.2052133639083
2020-10-23 00:00:00,1632.97998046875,1636.1912990428254
2020-10-26 00:00:00,1584.2900390625,1645.8075599150486
2020-10-27 00:00:00,1598.8800048828125,1651.575470188855
2020-10-28 00:00:00,1510.800048828125,1657.7975143463937
2020-10-29 00:00:00,1556.8800048828125,1662.8241919625787
2020-10-30 00:00:00,1616.1099853515625,1667.2139937040308
2020-11-02 00:00:00,1624.3199462890625,1677.323703252286
2020-11-03 00:00:00,1645.6600341796875,1683.0502502382951
2020-11-04 00:00:00,1745.8499755859375,1689.1039970528457
2020-11-05 00:00:00,1762.5,1693.804647339476
2020-11-06 00:00:00,1759.72998046875,1697.7260149164815
2020-11-09 00:00:00,1761.4200439453125,1705.694861796231
2020-11-10 00:00:00,1737.719970703125,1710.5703570539342
2020-11-11 00:00:00,1747.22998046875,1715.7195697275629
2020-11-12 00:00:00,1742.8199462890625,1719.4584793862803
2020-11-13 00:00:00,1772.260009765625,1722.3954433105134
2020-11-16 00:00:00,1774.030029296875,1727.5426564927307
2020-11-17 00:00:00,1761.6600341796875,1731.6448948833317
2020-11-18 00:00:00,1740.6400146484375,1736.1263365733735
2020-11-19 00:00:00,1758.5699462890625,1739.3002723827215
2020-11-20 00:00:00,1736.3800048828125,1741.7968509818952
2020-11-23 00:00:00,1727.56005859375,1746.4609632937388
2020-11-24 00:00:00,1763.9000244140625,1750.7238265732774
2020-11-25 00:00:00,1764.1300048828125,1755.5084617734349
2020-11-27 00:00:00,1787.02001953125,1762.1110154175865
2020-11-30 00:00:00,1754.4000244140625,1768.7387111774985
2020-12-01 00:00:00,1795.3599853515625,1773.7576644993187
2020-12-02 00:00:00,1824.969970703125,1779.2962133941721
2020-12-03 00:00:00,1821.8399658203125,1783.5864412968992
2020-12-04 00:00:00,1823.760009765625,1787.2303894632698
2020-12-07 00:00:00,1817.030029296875,1795.1039155117003
2020-12-08 00:00:00,1811.3299560546875,1800.3166560324537
2020-12-09 00:00:00,1777.8599853515625,1805.905334365109
2020-12-10 00:00:00,1767.6500244140625,1810.0704079189218
2020-12-11 00:00:00,1774.800048828125,1813.4234057101391
2020-12-14 00:00:00,1752.260009765625,1819.5309776316824
2020-12-15 00:00:00,1761.0799560546875,1823.9615257458538
2020-12-16 00:00:00,1757.18994140625,1828.695395666298
2020-12-17 00:00:00,1740.510009765625,1831.939669600825
2020-12-18 00:00:00,1726.219970703125,1834.3471680353323
2020-12-21 00:00:00,1734.56005859375,1837.8351509621
2020-12-22 00:00:00,1720.219970703125,1841.6185852239425
2020-12-23 00:00:00,1728.22998046875,1845.8622544439852
2020-12-24 00:00:00,1734.1600341796875,1848.7856650275385
2020-12-28 00:00:00,1773.9599609375,1855.588602857896
2020-12-29 00:00:00,1757.760009765625,1860.2403518938168
2020-12-30 00:00:00,1736.25,1865.606623363247
2020-12-31 00:00:00,1752.6400146484375,1869.8764779181488
2021-01-04 00:00:00,1726.1300048828125,1883.9041477146527
2021-01-05 00:00:00,1740.050048828125,1890.7160190950215
2021-01-06 00:00:00,1722.8800048828125,1898.300629371304
2021-01-07 00:00:00,1774.3399658203125,1904.7683272516597
2021-01-08 00:00:00,1797.8299560546875,1910.7513727469243
2021-01-11 00:00:00,1756.2900390625,1926.5094085757098
2021-01-12 00:00:00,1737.4300537109375,1934.8343535656559
2021-01-13 00:00:00,1747.25,1943.6734498289775
2021-01-14 00:00:00,1730.9200439453125,1951.0570809143983
2021-01-15 00:00:00,1727.6199951171875,1957.6032720374594
2021-01-19 00:00:00,1784.469970703125,1980.2342246808842
2021-01-20 00:00:00,1880.0699462890625,1987.8460481654897
2021-01-21 00:00:00,1884.1500244140625,1993.6233832010132
2021-01-22 00:00:00,1892.56005859375,1998.2291264616679
2021-01-25 00:00:00,1894.280029296875,2006.0079753669506
2021-01-26 00:00:00,1907.949951171875,2010.6935225033192
2021-01-27 00:00:00,1818.93994140625,2015.4532546154926
2021-01-28 00:00:00,1853.199951171875,2018.3225234495617
2021-01-29 00:00:00,1827.3599853515625,2020.0347576657653
2021-02-01 00:00:00,1893.0699462890625,2019.7955132467093
2021-02-02 00:00:00,1919.1199951171875,2022.217830522734
2021-02-03 00:00:00,2058.8798828125,2024.971158235497
2021-02-04 00:00:00,2053.6298828125,2026.1109811894398
2021-02-05 00:00:00,2088.830078125,2026.3973760179867
2021-02-08 00:00:00,2084.52001953125,2023.7906986932112
2021-02-09 00:00:00,2075.389892578125,2026.0501153917273
2021-02-10 00:00:00,2086.47998046875,2028.9213245988292
2021-02-11 00:00:00,2088.75,2030.4273821357492
2021-02-12 00:00:00,2095.030029296875,2031.2940656297496
2021-02-16 00:00:00,2110.699951171875,2034.5440128596763
2021-02-17 00:00:00,2118.6201171875,2038.4049447459236
2021-02-18 00:00:00,2105.81005859375,2040.827271621229
2021-02-19 00:00:00,2088.81005859375,2042.491248878787
2021-02-22 00:00:00,2054.260009765625,2043.7389771953617
2021-02-23 00:00:00,2060.1201171875,2046.958863078844
2021-02-24 00:00:00,2083.81005859375,2050.497655265495
2021-02-25 00:00:00,2015.949951171875,2052.293981962637
2021-02-26 00:00:00,2021.9100341796875,2053.028174320553
2021-03-01 00:00:00,2069.659912109375,2049.7594248608607
2021-03-02 00:00:00,2064.47998046875,2050.9785017217832
2021-03-03 00:00:00,2011.4100341796875,2052.312158524235
2021-03-04 00:00:00,2033.9300537109375,2051.738066100152
2021-03-05 00:00:00,2097.070068359375,2049.9863873245117
2021-03-08 00:00:00,2007.5,2039.099658313138
2021-03-09 00:00:00,2040.3599853515625,2037.8839348633658
2021-03-10 00:00:00,2036.18994140625,2036.9220775246758
2021-03-11 00:00:00,2100.5400390625,2034.2576762422764
2021-03-12 00:00:00,2050.0,2030.6649924452702
2021-03-15 00:00:00,2054.43994140625,2016.1379704297037
2021-03-16 00:00:00,2083.889892578125,2014.3861052174313
2021-03-17 00:00:00,2082.219970703125,2013.2676812443283
2021-03-18 00:00:00,2021.3399658203125,2010.8580557668704
2021-03-19 00:00:00,2026.9599609375,2007.9235418828116
2021-03-22 00:00:00,2030.68994140625,1997.6655649201862
2021-03-23 00:00:00,2041.3299560546875,1997.995981458183
2021-03-24 00:00:00,2032.530029296875,1999.2577214525186
2021-03-25 00:00:00,2032.4599609375,1999.5052663902238
2021-03-26 00:00:00,2024.72998046875,1999.4581576434034
2021-03-29 00:00:00,2045.7900390625,1998.7925448175731
2021-03-30 00:00:00,2046.469970703125,2002.4850427198405
2021-03-31 00:00:00,2062.52001953125,2007.1268057065024
2021-04-01 00:00:00,2129.780029296875,2010.7211621831882
2021-04-05 00:00:00,2218.9599609375,2022.2352796223815
2021-04-06 00:00:00,2209.260009765625,2028.5649187804802
2021-04-07 00:00:00,2239.030029296875,2035.6189036682285
2021-04-08 00:00:00,2250.429931640625,2041.3493565018596
2021-04-09 00:00:00,2270.669921875,2046.420997839692
2021-04-12 00:00:00,2244.6201171875,2058.416590321756
2021-04-13 00:00:00,2254.429931640625,2065.4223062963138
2021-04-14 00:00:00,2241.909912109375,2072.8569239183603
2021-04-15 00:00:00,2285.25,2078.640791947097
2021-04-16 00:00:00,2282.75,2083.4603341361326
2021-04-19 00:00:00,2289.760009765625,2093.0303708195047
2021-04-20 00:00:00,2279.010009765625,2098.8023470305798
2021-04-21 00:00:00,2278.35009765625,2104.8051750469817
2021-04-22 00:00:00,2252.52001953125,2108.951565580561
2021-04-23 00:00:00,2299.929931640625,2111.9668033133275
2021-04-26 00:00:00,2309.929931640625,2115.4286210901
2021-04-27 00:00:00,2290.97998046875,2119.0740637641734
2021-04-28 00:00:00,2359.0400390625,2122.9358272444047
2021-04-29 00:00:00,2392.760009765625,2124.937847149684
2021-04-30 00:00:00,2353.5,2125.843256538878
2021-05-03 00:00:00,2343.080078125,2123.4818493750404
2021-05-04 00:00:00,2306.830078125,2125.4575242322608
2021-05-05 00:00:00,2314.77001953125,2127.815208985982
2021-05-06 00:00:00,2337.35009765625,2128.495044167016
2021-05-07 00:00:00,2351.929931640625,2128.2820335548836
2021-05-08 00:00:00,nan,2187.920075434046
2021-05-09 00:00:00,nan,2187.8975959307686
2021-05-10 00:00:00,nan,2123.935351943538
2021-05-11 00:00:00,nan,2125.7366518206254
2021-05-12 00:00:00,nan,2128.1689499952263
2021-05-13 00:00:00,nan,2129.170357857909
2021-05-14 00:00:00,nan,2129.5195055148033
2021-05-15 00:00:00,nan,2190.006928838989
2021-05-16 00:00:00,nan,2191.0206011945415
2021-05-17 00:00:00,nan,2128.1688286352332
